Job ID,Job URL,Job Title,Company Name,Status,Timestamp,WP ID
2b92194f8c4a2ae6,https://ua.linkedin.com/jobs/view/project-officer-at-ttswtrs-4432714707,Project Officer,,scraped,2026-07-07T01:33:19.404935,
b20ce46842eaff4f,https://ua.linkedin.com/jobs/view/security-officer-at-polish-humanitarian-action-pah-4432398937,Security Officer,,scraped,2026-07-07T01:33:26.611244,
4bed27238d20ae4a,https://ua.linkedin.com/jobs/view/extraction-operator-at-bunge-4436728872,Extraction Operator,Bunge,posted,2026-07-07T01:34:49.748477,18
b20d3cb72ae4533f,https://ua.linkedin.com/jobs/view/%D1%87%D0%B5%D1%80%D0%B3%D0%BE%D0%B2%D0%B8%D0%B9-%D1%96%D0%BD%D0%BA%D0%B0%D1%81%D0%B0%D1%82%D0%BE%D1%80-at-raiffeisen-bank-ukraine-4436703245,Черговий інкасатор,Raiffeisen Bank Ukraine,failed|wp_post_failed,2026-07-07T01:34:56.679093,
cb456665efae8f79,https://ua.linkedin.com/jobs/view/lead-generation-manager-at-dotcode-4432765611,Lead Generation Manager,,scraped,2026-07-07T01:34:59.323984,
00ac93aadf842b0e,https://ua.linkedin.com/jobs/view/sales-and-marketing-specialist-at-tad-4433739493,Sales And Marketing Specialist,,scraped,2026-07-07T01:35:07.053714,
cc471131030aa598,https://ua.linkedin.com/jobs/view/non-commodity-procurement-buyer-vinnytsia-at-bunge-4427552047,Non-commodity Procurement Buyer - Vinnytsia,Bunge,posted,2026-07-07T01:35:51.788869,20
bd60ec7373d43656,https://ua.linkedin.com/jobs/view/%D0%B4%D1%80%D0%BE%D0%BD%D0%BE%D0%B2%D0%BE%D0%B4%D0%B8-%D0%B0%D1%80%D1%82%D0%B8%D0%BB%D0%B5%D1%80%D0%B8%D1%81%D1%82%D0%B8-istar-at-armed-forces-of-ukraine-4417948500,"Дроноводи, артилеристи, iStar",,scraped,2026-07-07T01:35:54.406692,
0ee26dd20252f1f0,https://ua.linkedin.com/jobs/view/auditor-at-nielseniq-4431596470,Auditor,,scraped,2026-07-07T01:36:01.283770,
3f864eab57e4b4ef,https://ua.linkedin.com/jobs/view/kitchen-sanitation-at-msu-residential-and-hospitality-services-4436272539,Kitchen Sanitation,,scraped,2026-07-07T01:36:25.175574,
fc07629c669d26db,https://ua.linkedin.com/jobs/view/custodial-temple-supervisor-kyiv-ukraine-permanent-full-time-40-hours-week-at-the-church-of-jesus-christ-of-latter-day-saints-4435492136,"Custodial Temple Supervisor | Kyiv (Ukraine) | Permanent (Full-Time, 40 Hours/Week)",The Church of Jesus Christ of Latter-day Saints,posted,2026-07-07T01:36:58.675175,22
bca7c036e6152b1f,https://ua.linkedin.com/jobs/view/front-end-developer-at-bramblingtech-4437103075,Front-end developer,,scraped,2026-07-07T01:37:01.415929,
f89e5f20873cf65c,https://ua.linkedin.com/jobs/view/recruiter-%2B-office-administrator-at-bramblingtech-4437100114,Recruiter + Office Administrator,,scraped,2026-07-07T01:37:09.325517,
c153272f3ea76501,https://ua.linkedin.com/jobs/view/field-accountant-ukraine-at-samaritan-s-purse-4418039895,"Field Accountant, Ukraine",,scraped,2026-07-07T01:37:16.991563,
abc4ee1f1af3595d,https://ua.linkedin.com/jobs/view/onsite-medical-representative-at-farmak-4432787099,Onsite Medical Representative,,scraped,2026-07-07T01:38:26.839676,
c7d7f3307ed242d9,https://ua.linkedin.com/jobs/view/%D1%80%D0%B5%D0%BA%D1%80%D1%83%D1%82%D0%B5%D1%80-at-%D0%BA%D0%BE%D0%BD%D1%86%D0%B5%D1%80%D0%BD-%D1%85%D0%BB%D1%96%D0%B1%D0%BF%D1%80%D0%BE%D0%BC-prjsc-concern-khlibprom-4417948633,Рекрутер,Концерн Хлібпром / PrJSC Concern Khlibprom,failed|wp_post_failed,2026-07-07T01:38:41.585360,
142204c7f123d1b6,https://ua.linkedin.com/jobs/view/operator-production-l2-at-yazaki-north-america-4416228301,Operator Production L2,,scraped,2026-07-07T01:38:44.255575,
e5e7f51fe17f80d3,https://ua.linkedin.com/jobs/view/junior-account-manager-at-bic-4436797204,Junior Account Manager,BIC,posted,2026-07-07T01:39:35.176933,24
4ab5db01530db3a6,https://ua.linkedin.com/jobs/view/internal-engagement-manager-at-quarks-tech-4435821069,Internal Engagement Manager,Quarks Tech,posted,2026-07-07T01:39:48.005577,26
4fddf8ebdbf438ee,https://ua.linkedin.com/jobs/view/master-data-specialist-at-ajax-systems-4437426746,Master Data Specialist,,scraped,2026-07-07T01:39:50.676971,
7c84e693d3f22f49,https://ua.linkedin.com/jobs/view/talent-acquisition-specialist-at-fyst-4435804731,Talent Acquisition Specialist,,scraped,2026-07-07T01:39:57.614377,
431985c69a9e57d5,https://ua.linkedin.com/jobs/view/video-editor-storyby-at-skelar-4437447964,Video Editor - Storyby,,scraped,2026-07-07T01:40:05.061885,
72707efd0661f7fe,https://ua.linkedin.com/jobs/view/basketball-sports-analyst-at-beter-4432714479,Basketball Sports Analyst,,scraped,2026-07-07T01:40:11.564386,
a1ac9f75dad92388,https://ua.linkedin.com/jobs/view/video-editor-kyiv-ukraine-12-months-remote-for-national-consultants-at-unicef-4434979652,"Video Editor, Kyiv, Ukraine, 12 months (Remote, for National Consultants)",UNICEF,posted,2026-07-07T01:41:01.195603,28
cbaf35233f2f4ea7,https://ua.linkedin.com/jobs/view/ai-engineering-internship-at-provectus-4436323688,AI Engineering Internship,,scraped,2026-07-07T01:41:03.808239,
2de61d4aee32a2c2,https://ua.linkedin.com/jobs/view/ux-ui-designer-at-the-flex-4436374720,UX/UI Designer,,scraped,2026-07-07T01:41:13.838554,
5df12ff87c6549fd,https://ua.linkedin.com/jobs/view/influencer-marketing-manager-at-procter-gamble-4406088103,Influencer Marketing Manager,Procter & Gamble,posted,2026-07-07T01:41:46.369576,30
d16c8d6419557a7b,https://ua.linkedin.com/jobs/view/communication-specialist-p-3-fixed-term-position-ukraine-kyiv-ukraine-%2300120640-at-unicef-chad-4431577261,"Communication Specialist, P-3, Fixed Term Position, Ukraine, Kyiv, Ukraine, #00120640",Unicef CHAD,posted,2026-07-07T01:41:58.881514,32
36382b0eac0f78a1,https://ua.linkedin.com/jobs/view/child-protection-officer-no-2-ta-%23135825-ukraine-kharkiv-ecar-at-unicef-bangladesh-4436099950,"Child Protection Officer (NO-2), TA, #135825, Ukraine, Kharkiv - ECAR",,scraped,2026-07-07T01:42:01.670117,
c0f3067272ed2fcd,https://ua.linkedin.com/jobs/view/recruiter-at-global-hr-solutions-4432338913,Recruiter,Global HR Solutions,posted,2026-07-07T01:42:53.031862,34
3e5faccf947853c0,https://ua.linkedin.com/jobs/view/%D0%BA%D0%B0%D1%82%D0%B5%D0%B3%D0%BE%D1%80%D1%96%D0%B9%D0%BD%D0%B8%D0%B9-%D0%BC%D0%B5%D0%BD%D0%B5%D0%B4%D0%B6%D0%B5%D1%80-at-elmir-ua-4433100323,Категорійний менеджер,Elmir.ua,failed|wp_post_failed,2026-07-07T01:43:01.588290,
2489b83b3d3d8161,https://ua.linkedin.com/jobs/view/solutions-developer-at-synergy3-home-solutions-4436241466,Solutions Developer,,scraped,2026-07-07T01:43:04.218472,
cca654059ff59a04,https://ua.linkedin.com/jobs/view/payroll-specialist-lead-ukraine-at-remote-4436770298,Payroll Specialist Lead - Ukraine,,scraped,2026-07-07T01:43:30.850534,
3be659680f8d83e6,https://ua.linkedin.com/jobs/view/price-reporter-agriculture-12-month-fixed-term-contract-at-fastmarkets-4432380413,Price Reporter - Agriculture - 12 month fixed term contract,,scraped,2026-07-07T01:43:38.726846,
10b56a5dce4a8b13,https://ua.linkedin.com/jobs/view/middle-ua-manager-%E2%80%94-mobile-games-at-kids-games-llc-4436432086,Middle UA Manager — Mobile Games,,scraped,2026-07-07T01:43:45.442700,
cef384728f348875,https://ua.linkedin.com/jobs/view/middle-sox-specialist-at-ey-4416712282,Middle SOX specialist,EY,posted,2026-07-07T01:44:21.631783,36
53f1e47ed2d80260,https://ua.linkedin.com/jobs/view/billing-specialist-at-pharmbills-4435470213,Billing Specialist,,scraped,2026-07-07T01:44:24.313811,
b843e27d19c6925c,https://ua.linkedin.com/jobs/view/sem-manager-at-preply-4398156827,SEM Manager,,scraped,2026-07-07T01:44:49.203825,
210203fe3d0727be,https://ua.linkedin.com/jobs/view/recruitment-marketing-lead-at-preply-4427705608,Recruitment Marketing Lead,,scraped,2026-07-07T01:45:01.917964,
3a428cc3ef131e07,https://ua.linkedin.com/jobs/view/sr-full-stack-net-developer-remote-contract-at-infuse-4435167266,"Sr. Full Stack .NET Developer (Remote, Contract)",,scraped,2026-07-07T01:45:15.285985,
584c081508c76a58,https://ua.linkedin.com/jobs/view/data-scientist-ai-at-amfg-4437145423,Data Scientist (AI),,scraped,2026-07-07T01:45:31.209482,
61b94ced527dafde,https://ua.linkedin.com/jobs/view/junior-travel-office-assistant-at-pearl-4425978802,Junior Travel & Office Assistant,,scraped,2026-07-07T01:45:38.081412,
cde4a91abb955ca9,https://ua.linkedin.com/jobs/view/head-of-integrated-communications-at-nemiroff-4433155703,Head of Integrated Communications,Nemiroff,posted,2026-07-07T01:46:32.739961,38
27baf589dc957f77,https://ua.linkedin.com/jobs/view/sr-full-stack-net-developer-remote-contract-at-infuse-4435160885,"Sr. Full Stack .NET Developer (Remote, Contract)",,scraped,2026-07-07T01:46:35.514353,
6ef0330dc7d9edad,https://ua.linkedin.com/jobs/view/supply-chain-manager-at-global-hr-solutions-4432341424,Supply Chain Manager,Global HR Solutions,posted,2026-07-07T01:47:48.202089,40
faa4c8617248a2f1,https://ua.linkedin.com/jobs/view/business-development-manager-at-tryll-4433964137,Business Development Manager,,scraped,2026-07-07T01:47:51.013096,
9ee5a17fdd89ecc4,https://ua.linkedin.com/jobs/view/child-rights-and-government-relations-senior-advisor-ukraine-nationals-only-at-save-the-children-colombia-oficial-4436789704,Child Rights and Government Relations Senior Advisor (Ukraine Nationals Only),,scraped,2026-07-07T01:48:22.136101,
debdd3c72d1f6f1e,https://ua.linkedin.com/jobs/view/technical-support-specialist-at-fyst-4436182986,Technical Support Specialist,,scraped,2026-07-07T01:48:30.992523,
a9812623887cc04b,https://ua.linkedin.com/jobs/view/administrator-at-the-training-center-at-muk-4436035888,Administrator at the Training Center,,scraped,2026-07-07T01:48:38.561782,
964b76a8a0c660c0,https://ua.linkedin.com/jobs/view/senior-ui-2d-artist-at-ingamejob-com-4434351620,Senior UI/2D Artist,,scraped,2026-07-07T01:48:47.796026,
a4813fe387bf13bb,https://ua.linkedin.com/jobs/view/technical-support-at-svitla-systems-inc-4432381240,TECHNICAL SUPPORT,,scraped,2026-07-07T01:48:55.333048,
81d52e87dc5e4108,https://ua.linkedin.com/jobs/view/child-protection-officer-no-2-ta-%23135825-ukraine-kharkiv-ecar-at-unicef-4437425489,"Child Protection Officer (NO-2), TA, #135825, Ukraine, Kharkiv - ECAR",UNICEF,posted,2026-07-07T01:49:37.048294,42
a6ef3a4b64027c81,https://ua.linkedin.com/jobs/view/power-bi-developer-at-fractal-4424390963,Power BI developer,,scraped,2026-07-07T01:49:39.668387,
070a8967bd266934,https://ua.linkedin.com/jobs/view/sr-full-stack-net-developer-remote-contract-at-infuse-4435160887,"Sr. Full Stack .NET Developer (Remote, Contract)",,scraped,2026-07-07T01:49:46.984458,
8c90738390498c37,https://ua.linkedin.com/jobs/view/sr-full-stack-net-developer-remote-contract-at-infuse-4435159940,"Sr. Full Stack .NET Developer (Remote, Contract)",,scraped,2026-07-07T01:50:05.505161,
c74e304e210f328e,https://ua.linkedin.com/jobs/view/%D0%BC%D0%B5%D0%BD%D0%B5%D0%B4%D0%B6%D0%B5%D1%80-%D0%BA%D0%B0%D1%81%D0%B8%D1%80-%D0%B2%D1%96%D0%B4%D0%B4%D1%96%D0%BB%D0%B5%D0%BD%D0%BD%D1%8F-%D0%B1%D0%B0%D0%BD%D0%BA%D1%83-%D0%B4%D0%BD%D1%96%D0%BF%D1%80%D0%BE%D0%B2%D1%81%D1%8C%D0%BA%D0%B0-%D0%BD%D0%B0%D0%B1%D0%B5%D1%80%D0%B5%D0%B6%D0%BD%D0%B0-at-raiffeisen-bank-ukraine-4431901150,Менеджер - касир відділення банку (Дніпровська набережна),Raiffeisen Bank Ukraine,posted,2026-07-07T01:50:42.600041,44
5ef3d1dd6b090eba,https://ua.linkedin.com/jobs/view/product-analytics-mentor-part-time-at-mate-academy-4437701784,Product Analytics Mentor (Part-time),Mate academy,posted,2026-07-07T01:50:53.455537,46
8e244fde05c2ebc3,https://ua.linkedin.com/jobs/view/senior-manual-qa-engineer-at-teramind-4433723839,Senior Manual QA Engineer,Teramind,posted,2026-07-07T01:51:01.386942,48
15e5e55538f3cd31,https://ua.linkedin.com/jobs/view/%D0%BC%D0%B5%D0%BD%D0%B5%D0%B4%D0%B6%D0%B5%D1%80-%D0%BA%D0%B0%D1%81%D0%B8%D1%80-%D0%B2%D1%96%D0%B4%D0%B4%D1%96%D0%BB%D0%B5%D0%BD%D0%BD%D1%8F-%D0%B1%D0%B0%D0%BD%D0%BA%D1%83-at-raiffeisen-bank-ukraine-4431581854,Менеджер - касир відділення банку,Raiffeisen Bank Ukraine,posted,2026-07-07T01:51:12.737557,50
3ecfc470d37bbc33,https://ua.linkedin.com/jobs/view/%D0%B3%D0%BE%D0%BB%D0%BE%D0%B2%D0%BD%D0%B8%D0%B9-%D1%81%D0%BF%D0%B5%D1%86%D1%96%D0%B0%D0%BB%D1%96%D1%81%D1%82-%D0%B7-%D1%96%D0%BD%D1%84%D0%BE%D1%80%D0%BC%D0%B0%D1%86%D1%96%D0%B9%D0%BD%D0%B8%D1%85-%D1%82%D0%B5%D1%85%D0%BD%D0%BE%D0%BB%D0%BE%D0%B3%D1%96%D0%B9-at-credit-agricole-ukraine-4436725171,Головний спеціаліст з інформаційних технологій,,scraped,2026-07-07T01:51:15.414764,
ea9611ba1cc8fabb,https://ua.linkedin.com/jobs/view/new-business-manager-at-postmen-4432711019,New Business Manager,Postmen,posted,2026-07-07T01:51:33.945516,52
b1af762747b8891e,https://ua.linkedin.com/jobs/view/test-engineer-at-flex-4435466795,Test Engineer,,scraped,2026-07-07T01:51:36.732821,
6a33624e2226ab57,https://ua.linkedin.com/jobs/view/accountant-at-temy-4433169942,Accountant,,scraped,2026-07-07T01:51:45.450507,
6c14f2efb4457388,https://ua.linkedin.com/jobs/view/%D0%B1%D1%83%D1%85%D0%B3%D0%B0%D0%BB%D1%82%D0%B5%D1%80-at-binfield-4433176626,Бухгалтер,,scraped,2026-07-07T01:51:55.191612,
58db221c7ddc03b3,https://ua.linkedin.com/jobs/view/iam-security-consultant-at-ey-4385040705,IAM Security Consultant,EY,posted,2026-07-07T01:52:09.849233,54
c61bc7c27fa4dd8b,https://ua.linkedin.com/jobs/view/housing-legislation-regulation-specialist-at-habitat-for-humanity-international-4428856814,Housing Legislation & Regulation Specialist,,scraped,2026-07-07T01:52:12.679100,
b74afcff358a75e0,https://ua.linkedin.com/jobs/view/sales-development-representative-at-creatio-4385285944,Sales Development Representative,,scraped,2026-07-07T01:52:29.134883,
4effeeca311dcfc2,https://ua.linkedin.com/jobs/view/%D1%96%D0%BD%D1%81%D0%BF%D0%B5%D0%BA%D1%82%D0%BE%D1%80-%D0%B2%D1%96%D0%B4%D0%B4%D1%96%D0%BB%D1%83-%D0%BA%D0%B0%D0%B4%D1%80%D1%96%D0%B2-at-ds-electronics-4432705472,Інспектор відділу кадрів,,scraped,2026-07-07T01:52:48.474289,
71dfc849817a4bb5,https://ua.linkedin.com/jobs/view/senior-value-chain-development-expert-at-ntu-international-a-s-4436386446,Senior Value Chain Development Expert,,scraped,2026-07-07T01:52:57.382620,
ed2e3852be7e3737,https://ua.linkedin.com/jobs/view/grain-processing-operator-at-bunge-4408792761,Grain Processing Operator,Bunge,posted,2026-07-07T01:53:31.391988,56
3a281332dd2f9caf,https://ua.linkedin.com/jobs/view/dehulling-operator-at-bunge-4426077983,Dehulling Operator,Bunge,posted,2026-07-07T01:53:40.121620,58
791bc9d2168653d9,https://ua.linkedin.com/jobs/view/food-line-operator-5-rate-dnipro-at-bunge-4383357151,"Food Line Operator - 5 rate, Dnipro",Bunge,posted,2026-07-07T01:53:51.964239,60
5f8db969894ce19e,https://ua.linkedin.com/jobs/view/%D1%84%D0%B0%D1%85%D1%96%D0%B2%D0%B5%D1%86%D1%8C-%D0%B7-%D1%80%D0%B5%D0%B3%D1%96%D0%BE%D0%BD%D0%B0%D0%BB%D1%8C%D0%BD%D0%BE%D0%B3%D0%BE-%D1%80%D0%BE%D0%B7%D0%B2%D0%B8%D1%82%D0%BA%D1%83-%D0%BF%D1%80%D0%BE%D0%B4%D1%83%D0%BA%D1%86%D1%96%D1%97-%D0%B7%D1%96-%D0%B7%D0%BD%D0%B8%D0%B6%D0%B5%D0%BD%D0%B8%D0%BC-%D1%80%D0%B8%D0%B7%D0%B8%D0%BA%D0%BE%D0%BC-at-philip-morris-international-4437462398,Фахівець з регіонального розвитку продукції зі зниженим ризиком,,scraped,2026-07-07T01:53:54.539503,
374f934dac4fa65c,https://ua.linkedin.com/jobs/view/repair-fitter-at-bunge-4436199074,Repair Fitter,Bunge,posted,2026-07-07T01:54:40.722783,62
1ec2c817fba4b2a6,https://ua.linkedin.com/jobs/view/repair-fitter-at-bunge-4436198121,Repair Fitter,Bunge,scraped,2026-07-07T01:55:03.302015,
304330dc6e72bc4b,https://ua.linkedin.com/jobs/view/repair-fitter-at-bunge-4436401549,Repair Fitter,Bunge,scraped,2026-07-07T01:55:09.314810,
3f0fc74ba83ce325,https://ua.linkedin.com/jobs/view/consultant-sap-mm-at-ajax-systems-4436130479,Consultant SAP MM,,scraped,2026-07-07T01:55:11.910779,
543b8cab90399a31,https://ua.linkedin.com/jobs/view/master-data-specialist-at-ajax-systems-4437422986,Master Data Specialist,,scraped,2026-07-07T01:55:18.659912,
917542fcd4b8e3f6,https://ua.linkedin.com/jobs/view/vendor-master-data-specialist-at-nestl%C3%A9-4437417949,Vendor Master Data Specialist,Nestlé,posted,2026-07-07T01:55:34.207769,64
a1bed4560fd487b8,https://ua.linkedin.com/jobs/view/%D0%BA%D0%BE%D0%BD%D1%81%D1%83%D0%BB%D1%8C%D1%82%D0%B0%D0%BD%D1%82-%D0%B7-%D0%BF%D0%BE%D1%81%D1%82%D0%B0%D1%87%D0%B0%D0%BD%D0%BD%D1%8F-buyer-ii-at-jabil-4435427506,Консультант з постачання / Buyer II,,scraped,2026-07-07T01:55:37.063737,
638e222746f2af2b,https://ua.linkedin.com/jobs/view/%D0%BB%D0%B0%D0%B1%D0%BE%D1%80%D0%B0%D0%BD%D1%82-%D0%B2%D1%96%D0%B4%D0%B4%D1%96%D0%BB%D1%83-%D1%8F%D0%BA%D0%BE%D1%81%D1%82%D1%96-at-jabil-4435819009,Лаборант відділу якості,,scraped,2026-07-07T01:55:59.634798,
9c517a19e8ff0156,https://ua.linkedin.com/jobs/view/machine-fitter-dnipro-%D1%81%D0%BB%D1%8E%D1%81%D0%B0%D1%80-%D0%BC%D0%B5%D1%85%D0%B0%D0%BD%D1%96%D0%BA-%D0%B5%D0%BB%D0%B5%D0%BA%D1%82%D1%80%D0%BE%D0%BC%D0%B5%D1%85%D0%B0%D0%BD%D1%96%D1%87%D0%BD%D0%B8%D1%85-%D0%BF%D1%80%D0%B8%D0%BB%D0%B0%D0%B4%D1%96%D0%B2-%D1%96-%D1%81%D0%B8%D1%81%D1%82%D0%B5%D0%BC-at-bunge-4416686031,"Machine Fitter, Dnipro | Слюсар-механік електромеханічних приладів і систем",Bunge,posted,2026-07-07T01:56:49.472774,66
90fac6952e3a7b29,https://ua.linkedin.com/jobs/view/%D0%BC%D0%B5%D0%BD%D0%B5%D0%B4%D0%B6%D0%B5%D1%80-%D0%BA%D0%B0%D1%81%D0%B8%D1%80-%D0%B2%D1%96%D0%B4%D0%B4%D1%96%D0%BB%D0%B5%D0%BD%D0%BD%D1%8F-%D0%B1%D0%B0%D0%BD%D0%BA%D1%83-%D0%BF%D1%80%D0%B8%D0%BC%D0%BE%D1%80%D1%81%D1%8C%D0%BA%D0%B8%D0%B9-%D1%80%D0%B0%D0%B9%D0%BE%D0%BD-at-raiffeisen-bank-ukraine-4431911486,Менеджер - касир відділення банку (Приморський район),Raiffeisen Bank Ukraine,posted,2026-07-07T01:57:02.625830,68
811fd3dca310b0cb,https://ua.linkedin.com/jobs/view/reputation-link-building-specialist-at-universe-4435810335,Reputation & Link Building Specialist,Universe,posted,2026-07-07T01:57:15.616684,70
51ff64f9590842dc,https://ua.linkedin.com/jobs/view/engineering-manager-at-preply-4435471775,Engineering Manager,Preply,posted,2026-07-07T01:57:26.153646,72
d9e4dc528dd9ffce,https://ua.linkedin.com/jobs/view/founder%E2%80%99s-associate-forma-at-universe-4436921332,Founder’s Associate (FORMA),Universe,posted,2026-07-07T01:57:39.001979,74
3d5a2c3f7a28b8a5,https://ua.linkedin.com/jobs/view/junior-hr-admin-specialist-at-nestl%C3%A9-4434669056,Junior HR Admin Specialist,Nestlé,posted,2026-07-07T01:57:49.684266,76
bcac371c9aa7b21d,https://ua.linkedin.com/jobs/view/%D1%84%D0%B0%D1%85%D1%96%D0%B2%D0%B5%D1%86%D1%8C-%D0%B7-%D0%BE%D0%B1%D0%BB%D1%96%D0%BA%D1%83-%D1%80%D0%B5%D0%B0%D0%BA%D1%82%D0%B8%D0%B2%D1%96%D0%B2-%D1%82%D0%B0-%D1%81%D1%82%D0%B0%D0%BD%D0%B4%D0%B0%D1%80%D1%82%D1%96%D0%B2-at-farmak-4435553588,Фахівець з обліку реактивів та стандартів,,scraped,2026-07-07T01:57:52.843442,
f39e112bec2efd62,https://ua.linkedin.com/jobs/view/student-success-specialist-2-hour-learning-remote-%2460-000-year-usd-at-crossover-4434600508,"Student Success Specialist, 2 Hour Learning (Remote) - $60,000/year USD",,scraped,2026-07-07T01:58:02.109408,
8bb6678b867c5210,https://ua.linkedin.com/jobs/view/support-engineer-at-upstaff-4437171569,Support Engineer,,scraped,2026-07-07T01:58:14.414795,
6077af2e56d9be08,https://ua.linkedin.com/jobs/view/senior-product-manager-at-pearl-4437444742,Senior Product Manager,,scraped,2026-07-07T01:58:21.179862,
9cf99be61d441a41,https://ua.linkedin.com/jobs/view/middle-electrical-engineering-at-miltech-nda-4282206494,Middle Electrical Engineering,Miltech NDA,posted,2026-07-07T01:59:50.426627,78
24caf7d46479cb05,https://ua.linkedin.com/jobs/view/%D1%81%D1%82%D0%B0%D1%80%D1%88%D0%B8%D0%B9-%D1%84%D0%B0%D1%85%D1%96%D0%B2%D0%B5%D1%86%D1%8C-%D1%81%D1%82%D0%B0%D1%80%D1%88%D0%B0-%D1%84%D0%B0%D1%85%D1%96%D0%B2%D1%87%D0%B8%D0%BD%D1%8F-%D1%83%D0%BF%D1%80%D0%B0%D0%B2%D0%BB%D1%96%D0%BD%D0%BD%D1%8F-%D0%B7%D0%B0%D1%85%D0%B8%D1%81%D1%82%D1%83-%D0%BA%D1%80%D0%B8%D1%82%D0%B8%D1%87%D0%BD%D0%BE%D1%97-%D1%96%D0%BD%D1%84%D1%80%D0%B0%D1%81%D1%82%D1%80%D1%83%D0%BA%D1%82%D1%83%D1%80%D0%B8-at-national-bank-of-ukraine-4435272177,Старший фахівець/старша фахівчиня Управління захисту критичної інфраструктури*,,scraped,2026-07-07T01:59:53.028889,
55f4d55aa9a4a1e4,https://ua.linkedin.com/jobs/view/import-export-manager-at-done-4425306873,Import Export Manager,,scraped,2026-07-07T02:00:00.363686,
8226a1158548f447,https://ua.linkedin.com/jobs/view/strategy-growth-manager-forma-at-universe-4436910769,Strategy & Growth Manager (FORMA),Universe,posted,2026-07-07T02:00:17.595756,80
0cc132b08254b825,https://ua.linkedin.com/jobs/view/senior-marketing-lead-for-anime-jewelry-brand-at-kraymer-art-4435895569,Senior Marketing Lead for Anime Jewelry Brand,,scraped,2026-07-07T02:00:20.413159,
75450a34dd4399cb,https://ua.linkedin.com/jobs/view/healthcare-customer-support-at-pharmbills-4435453973,Healthcare Customer Support,,scraped,2026-07-07T02:00:27.358394,
b74ffabd4a67aecf,https://ua.linkedin.com/jobs/view/office-operations-manager-at-iceye-4437416473,Office & Operations Manager,,scraped,2026-07-07T02:01:02.753479,
b1a87e080450e612,https://ua.linkedin.com/jobs/view/head-of-research-innovation-r-i-at-danone-4436329156,Head of Research & Innovation (R&I),,scraped,2026-07-07T02:01:09.254446,
d668f517e9926c36,https://ua.linkedin.com/jobs/view/localization-team-lead-at-3shape-4436243545,Localization Team Lead,,scraped,2026-07-07T02:01:15.709967,
a03eba9ba96e1283,https://ua.linkedin.com/jobs/view/ext-administrative-specialist-ua-at-jde-peet-s-4426789360,Ext Administrative Specialist UA,,scraped,2026-07-07T02:01:23.651629,
a8a6ff7c81c6ecbc,https://ua.linkedin.com/jobs/view/investment-manager-at-dtek-renewables-4425600427,Investment Manager,,scraped,2026-07-07T02:01:31.643402,
94d68f6ce80497de,https://ua.linkedin.com/jobs/view/%D0%BC%D0%B5%D0%BD%D0%B5%D0%B4%D0%B6%D0%B5%D1%80-%D0%B7-%D0%BF%D1%80%D0%BE%D0%B4%D0%B0%D0%B6%D1%83-at-lymertin-cargo-delivery-llc-4432374323,Менеджер з продажу,Lymertin Cargo Delivery LLC,failed|wp_post_failed,2026-07-07T02:03:06.509389,
d63b0e40a55b7c06,https://ua.linkedin.com/jobs/view/website-content-editor-at-nestl%C3%A9-4435571191,Website Content Editor,Nestlé,posted,2026-07-07T02:03:18.931641,82
071c283ba1b3f593,https://ua.linkedin.com/jobs/view/senior-analytics-manager-at-preply-4407627153,Senior Analytics Manager,Preply,posted,2026-07-07T02:03:30.124023,84
eecb6f8ee12c545c,https://ua.linkedin.com/jobs/view/linkedin-ads-campaign-specialist-at-impactable-b2b-linkedin-agency-4436229667,LinkedIn Ads Campaign Specialist,Impactable - B2B LinkedIn Agency,posted,2026-07-07T02:03:38.887292,86
6a93818909fe7ccd,https://ua.linkedin.com/jobs/view/team-lead-tech-lead-4353949541,Team Lead / Tech Lead,ФОП Соколенко,posted,2026-07-07T02:03:46.791933,88
b9c040009c201d06,https://ua.linkedin.com/jobs/view/%D0%BC%D0%B5%D0%B4%D0%B8%D1%87%D0%BD%D0%B8%D0%B9-%D0%BF%D1%80%D0%B5%D0%B4%D1%81%D1%82%D0%B0%D0%B2%D0%BD%D0%B8%D0%BA-%D1%80%D0%B5%D1%86%D0%B5%D0%BF%D1%82%D1%83%D1%80%D0%BD%D1%96-%D0%BF%D1%80%D0%B5%D0%BF%D0%B0%D1%80%D0%B0%D1%82%D0%B8-at-boehringer-ingelheim-4369767916,Медичний представник (рецептурні препарати),,scraped,2026-07-07T02:03:49.262381,
c74ee85b5d6365b3,https://ua.linkedin.com/jobs/view/trainee-bim-specialist-at-bes-4432379351,Trainee BIM Specialist,,scraped,2026-07-07T02:03:55.883831,
ad58c69949bf334f,https://ua.linkedin.com/jobs/view/brand-manager-instant-ua-at-jde-peet-s-4436096496,"Brand Manager, Instant, UA",,scraped,2026-07-07T02:04:09.642926,
27a134e0fa422636,https://ua.linkedin.com/jobs/view/system-administrator-at-galaktica-4434973469,System Administrator,,scraped,2026-07-07T02:04:17.323121,
9af59e8f3bf9a642,https://ua.linkedin.com/jobs/view/head-of-product-forma-at-universe-4436789556,Head of Product (FORMA),Universe,posted,2026-07-07T02:04:34.353811,90
613cd6b899d3aa4c,https://ua.linkedin.com/jobs/view/%D0%BF%D1%80%D0%BE%D0%B2%D1%96%D0%B4%D0%BD%D0%B8%D0%B9-%D1%96%D0%BD%D1%81%D0%BF%D0%B5%D0%BA%D1%82%D0%BE%D1%80-%D0%B7-%D0%BA%D0%B0%D0%B4%D1%80%D1%96%D0%B2-at-ajax-systems-4436792983,Провідний інспектор з кадрів,,scraped,2026-07-07T02:04:37.024171,
b994b6b99477851d,https://ua.linkedin.com/jobs/view/information-technology-it-officer-at-fhi-360-4428153295,Information Technology (IT) Officer,,scraped,2026-07-07T02:04:44.045234,
15bb97006f8d6cfa,https://ua.linkedin.com/jobs/view/ice-hockey-analyst-irc298687-at-globallogic-4435221542,Ice Hockey Analyst IRC298687,GlobalLogic,posted,2026-07-07T02:05:31.273701,92
125b653dcd382277,https://ua.linkedin.com/jobs/view/contract-s-expert-at-havi-4427568542,CONTRACT'S EXPERT,HAVI,posted,2026-07-07T02:05:40.693708,94
276d104179689dbd,https://ua.linkedin.com/jobs/view/%D0%B1%D1%96%D0%B7%D0%BD%D0%B5%D1%81-%D1%82%D1%80%D0%B5%D0%BD%D0%B5%D1%80-at-uniqa-ukraine-4385487160,Бізнес-тренер,UNIQA Ukraine,posted,2026-07-07T02:05:57.597736,96
14cd404867136862,https://ua.linkedin.com/jobs/view/private-label-manager-at-metro-ukraine-4431907811,Private Label Manager,METRO Ukraine,posted,2026-07-07T02:06:11.102864,98
601cec895a928771,https://ua.linkedin.com/jobs/view/project-manager-at-dataforest-4433163375,Project manager,,scraped,2026-07-07T02:06:13.813034,
cd3ba828959e1621,https://ua.linkedin.com/jobs/view/graduate-market-reporter-oil-products-12-month-ftc-at-argus-media-4408500522,Graduate Market Reporter - Oil Products (12 month FTC),,scraped,2026-07-07T02:06:20.188908,
68b8659f20e15359,https://ua.linkedin.com/jobs/view/retail-vertical-executive-at-nielseniq-4426937703,Retail Vertical Executive,,scraped,2026-07-07T02:06:28.419342,
9d5a5524cd45adaf,https://ua.linkedin.com/jobs/view/%D0%BC%D0%B5%D0%BD%D0%B5%D0%B4%D0%B6%D0%B5%D1%80-%D0%BC%D0%B5%D0%BD%D0%B5%D0%B4%D0%B6%D0%B5%D1%80%D0%BA%D0%B0-%D0%B2%D1%96%D0%B4%D0%B4%D1%96%D0%BB%D1%83-%D1%80%D0%B5%D0%B0%D0%BB%D1%96%D0%B7%D0%B0%D1%86%D1%96%D1%97-%D0%BD%D1%83%D0%BC%D1%96%D0%B7%D0%BC%D0%B0%D1%82%D0%B8%D1%87%D0%BD%D0%BE%D1%97-%D0%BF%D1%80%D0%BE%D0%B4%D1%83%D0%BA%D1%86%D1%96%D1%97-at-national-bank-of-ukraine-4436072948,Менеджер/Менеджерка відділу реалізації нумізматичної продукції*,,scraped,2026-07-07T02:06:35.757555,
f84268a4b110f767,https://ua.linkedin.com/jobs/view/senior-category-manager-at-procter-gamble-4427549636,Senior Category Manager,Procter & Gamble,posted,2026-07-07T02:07:04.506361,100
a550d0951a93dda0,https://ua.linkedin.com/jobs/view/%D0%B5%D0%BA%D0%BE%D0%BD%D0%BE%D0%BC%D1%96%D1%81%D1%82-at-kvertus-4434374110,Економіст,,scraped,2026-07-07T02:07:07.329886,
0b20e7d7eae34b4d,https://ua.linkedin.com/jobs/view/%D0%BF%D1%80%D0%BE%D0%B2%D1%96%D0%B4%D0%BD%D0%B8%D0%B9-%D0%B5%D0%BA%D0%BE%D0%BD%D0%BE%D0%BC%D1%96%D1%81%D1%82-%D0%B7-%D0%BF%D1%80%D0%BE%D0%B4%D0%B0%D0%B6%D1%96%D0%B2-%D1%82%D0%B0-%D0%BA%D1%80%D0%B5%D0%B4%D0%B8%D1%82%D1%83%D0%B2%D0%B0%D0%BD%D0%BD%D1%8F-%D0%BC%D1%81%D0%B1-at-credit-agricole-ukraine-4435105023,Провідний економіст з продажів та кредитування МСБ,,scraped,2026-07-07T02:07:15.382189,
0be566041844a412,https://ua.linkedin.com/jobs/view/%D1%84%D0%B0%D1%85%D1%96%D0%B2%D0%B5%D1%86%D1%8C-%D0%B7%D1%96-%D1%81%D1%82%D1%8F%D0%B3%D0%BD%D0%B5%D0%BD%D0%BD%D1%8F-%D0%BF%D1%80%D0%BE%D0%B1%D0%BB%D0%B5%D0%BC%D0%BD%D0%BE%D1%97-%D0%B7%D0%B0%D0%B1%D0%BE%D1%80%D0%B3%D0%BE%D0%B2%D0%B0%D0%BD%D0%BE%D1%81%D1%82%D1%96-at-aventus-ukraine-4433944068,Фахівець зі стягнення проблемної заборгованості,Aventus Ukraine,failed|wp_post_failed,2026-07-07T02:07:28.205935,
9f0038a96647a12d,https://ua.linkedin.com/jobs/view/quality-training-team-leader-at-olx-4437168263,Quality & Training Team Leader,,scraped,2026-07-07T02:07:31.009571,
b75df26ecd8c191e,https://ua.linkedin.com/jobs/view/%D0%B7%D0%B0%D1%81%D1%82%D1%83%D0%BF%D0%BD%D0%B8%D0%BA-%D1%84%D1%96%D0%BD%D0%B0%D0%BD%D1%81%D0%BE%D0%B2%D0%BE%D0%B3%D0%BE-%D0%B4%D0%B8%D1%80%D0%B5%D0%BA%D1%82%D0%BE%D1%80%D0%B0-4433958949,Заступник фінансового директора,СОЛ ЮНІОН,failed|wp_post_failed,2026-07-07T02:07:42.005619,
71adee26dbf4a0a1,https://ua.linkedin.com/jobs/view/junior-project-coordinator-startup-innovation-ecosystems-at-civitta-4434613354,Junior Project Coordinator | Startup & Innovation Ecosystems,,scraped,2026-07-07T02:07:44.855710,
c3856c732f6b9fd4,https://ua.linkedin.com/jobs/view/%D0%BC%D0%B5%D0%BD%D0%B5%D0%B4%D0%B6%D0%B5%D1%80-%D0%BF%D0%BE-%D1%80%D0%BE%D0%B1%D0%BE%D1%82%D1%96-%D0%B7-%D0%BA%D0%BB%D1%96%D1%94%D0%BD%D1%82%D0%B0%D0%BC%D0%B8-4433746899,Менеджер по роботі з клієнтами,Джастскул,failed|wp_post_failed,2026-07-07T02:07:52.350893,
7046da49d646cca4,https://ua.linkedin.com/jobs/view/enterprise-account-executive-ukraine-at-creatio-4385290720,Enterprise Account Executive (Ukraine),,scraped,2026-07-07T02:07:54.968840,
5d20122006ce90c7,https://ua.linkedin.com/jobs/view/%D0%BC%D0%B5%D0%B4%D0%B8%D1%87%D0%BD%D0%B8%D0%B9-%D0%BF%D1%80%D0%B5%D0%B4%D1%81%D1%82%D0%B0%D0%B2%D0%BD%D0%B8%D0%BA-%D0%BC-%D0%BA%D0%B8%D1%97%D0%B2-%D0%B4%D0%B5%D0%BA%D1%80%D0%B5%D1%82%D0%BD%D0%B0-%D1%81%D1%82%D0%B0%D0%B2%D0%BA%D0%B0-at-teva-pharmaceuticals-4436383723,"Медичний представник, м. Київ (Декретна ставка)",,scraped,2026-07-07T02:08:03.682551,
07b167da4c5a7825,https://ua.linkedin.com/jobs/view/project-engineer-at-mondel%C4%93z-international-4409423266,Project Engineer,Mondelēz International,posted,2026-07-07T02:08:19.471592,102
3d4dc278f93e51e2,https://ua.linkedin.com/jobs/view/analytics-engineer-at-payabl-4433969026,Analytics Engineer,,scraped,2026-07-07T02:08:22.345035,
9af7f2ec71bc37db,https://ua.linkedin.com/jobs/view/%D0%BF%D0%BE%D0%BC%D1%96%D1%87%D0%BD%D0%B8%D0%BA-%D1%8E%D1%80%D0%B8%D1%81%D0%BA%D0%BE%D0%BD%D1%81%D1%83%D0%BB%D1%8C%D1%82%D0%B0-4433948372,Помічник юрисконсульта,Металургійна компанія,failed|wp_post_failed,2026-07-07T02:08:30.566395,
f666d06cd6a28681,https://ua.linkedin.com/jobs/view/customer-service-coordinator-at-global-hr-solutions-4432326881,Customer Service Coordinator,Global HR Solutions,posted,2026-07-07T02:09:17.373297,104
ad903e9bff40da27,https://ua.linkedin.com/jobs/view/%D0%BC%D0%B5%D0%BD%D0%B5%D0%B4%D0%B6%D0%B5%D1%80-%D0%B7-%D0%BE%D0%B1%D1%81%D0%BB%D1%83%D0%B3%D0%BE%D0%B2%D1%83%D0%B2%D0%B0%D0%BD%D0%BD%D1%8F-%D0%BF%D1%80%D0%B8%D0%B2%D0%B0%D1%82%D0%BD%D0%B8%D1%85-%D0%BA%D0%BB%D1%96%D1%94%D0%BD%D1%82%D1%96%D0%B2-%D1%81%D1%82-%D0%BC-%D0%BA%D0%BE%D0%BD%D1%82%D1%80%D0%B0%D0%BA%D1%82%D0%BE%D0%B2%D0%B0-%D0%BF%D0%BB%D0%BE%D1%89%D0%B0-at-raiffeisen-bank-ukraine-4431582653,Менеджер з обслуговування приватних клієнтів (ст.м. Контрактова площа),Raiffeisen Bank Ukraine,posted,2026-07-07T02:09:29.129490,106
5d7b9fc8700eb06d,https://ua.linkedin.com/jobs/view/junior-embedded-engineer-at-ajax-systems-4436775415,Junior Embedded Engineer,,scraped,2026-07-07T02:09:32.140699,
e692cddc4b30f9c3,https://ua.linkedin.com/jobs/view/middle-python-developer-at-bramblingtech-4436990437,Middle Python Developer,,scraped,2026-07-07T02:09:38.901279,
2f899c2aca8ef5be,https://ua.linkedin.com/jobs/view/junior-business-order-admin-specialist-at-nestl%C3%A9-4434660271,Junior Business Order Admin Specialist,Nestlé,posted,2026-07-07T02:09:55.033791,108
039fca154a96abd7,https://ua.linkedin.com/jobs/view/mechanical-design-engineer-at-kostal-group-4400547727,Mechanical Design Engineer,,scraped,2026-07-07T02:09:57.845350,
828e5f4ea518e978,https://ua.linkedin.com/jobs/view/artificial-intelligence-engineer-at-grid-dynamics-4433794765,Artificial Intelligence Engineer,,scraped,2026-07-07T02:10:05.214060,
5cad42ff9eb2d37e,https://ua.linkedin.com/jobs/view/senior-qa-engineer-at-splitmetrics-4436301213,Senior QA Engineer,,scraped,2026-07-07T02:10:24.051920,
49fdd6307fcdb2d6,https://ua.linkedin.com/jobs/view/growth-marketer-at-the-flex-4436784089,Growth Marketer,,scraped,2026-07-07T02:11:36.067043,
f5898893991a5d1d,https://ua.linkedin.com/jobs/view/%D0%BE%D1%81%D0%BE%D0%B1%D0%B8%D1%81%D1%82%D0%B8%D0%B9-%D0%BF%D0%BE%D0%BC%D1%96%D1%87%D0%BD%D0%B8%D0%BA-at-sky-lab-ua-4433767908,Особистий помічник,,scraped,2026-07-07T02:11:43.539563,
b067ca93b223d82d,https://ua.linkedin.com/jobs/view/health-program-manager-ukraine-at-samaritan-s-purse-4297633132,"Health Program Manager, Ukraine",,scraped,2026-07-07T02:11:52.224044,
9bd811ff80a573fc,https://ua.linkedin.com/jobs/view/%D0%B1%D1%96%D0%B7%D0%BD%D0%B5%D1%81-%D0%B0%D0%BD%D0%B0%D0%BB%D1%96%D1%82%D0%B8%D0%BA-at-imperia-holding-4432785132,Бізнес-аналітик,,scraped,2026-07-07T02:12:06.525947,
9d274a083bfddc02,https://ua.linkedin.com/jobs/view/junior-back-end-developer-all-genders-php-sql-docker-at-eduki-4382200791,"Junior Back-End Developer (all genders) - PHP, SQL, Docker",,scraped,2026-07-07T02:12:14.391147,
12dd4a0afee72d8b,https://ua.linkedin.com/jobs/view/payments-orchestration-specialist-at-fyst-4437456394,Payments Orchestration Specialist,,scraped,2026-07-07T02:12:24.354596,
941b82004a0f1b34,https://ua.linkedin.com/jobs/view/pcb-repair-engineer-at-aspis-4433934453,PCB Repair Engineer,Aspis,posted,2026-07-07T02:13:43.035650,110
6a406531a349d981,https://ua.linkedin.com/jobs/view/youtube-assistant-video-editor-at-jobrack-4435513318,YouTube Assistant Video Editor,,scraped,2026-07-07T02:13:45.669941,
1b188841469f1e71,https://ua.linkedin.com/jobs/view/%D1%96%D0%BD%D0%B6%D0%B5%D0%BD%D0%B5%D1%80-%D0%BA%D0%BE%D0%BD%D1%81%D1%82%D1%80%D1%83%D0%BA%D1%82%D0%BE%D1%80-at-garantia-llc-4431937651,інженер-конструктор,Garantia LLC,posted,2026-07-07T02:14:05.970269,112
2d391a90cab9f00f,https://ua.linkedin.com/jobs/view/executive-housekeeper-at-royal-caribbean-group-4434196472,Executive Housekeeper,,scraped,2026-07-07T02:14:08.676534,
44052cd25ae28a8b,https://ua.linkedin.com/jobs/view/front-end-engineer-at-quantum-systems-4435226310,Front End Engineer,,scraped,2026-07-07T02:14:32.295962,
1152ea960b52c817,https://ua.linkedin.com/jobs/view/head-of-b2b-sales-at-asbc-ukraine-ispace-apple-premium-reseller-4433709420,Head of B2B Sales,,scraped,2026-07-07T02:14:40.672677,
d7060e4a5bb7b78a,https://ua.linkedin.com/jobs/view/test-engineer-part-time-at-renesas-electronics-4361512632,Test Engineer (Part-time),Renesas Electronics,posted,2026-07-07T02:14:57.253014,114
41e8115e97fca601,https://ua.linkedin.com/jobs/view/%D0%B5%D0%BA%D0%BE%D0%BB%D0%BE%D0%B3-at-kromberg-schubert-zhytomyr-4432742921,Еколог,,scraped,2026-07-07T02:14:59.861942,
bef93db8d5c58d99,https://ua.linkedin.com/jobs/view/senior-business-analyst-at-acca-careers-4436708877,Senior Business Analyst,,scraped,2026-07-07T02:15:06.936738,
6f17b003ef3c1a7e,https://ua.linkedin.com/jobs/view/business-planning-and-analysis-manager-at-sandoz-4436936620,Business Planning and Analysis Manager,,scraped,2026-07-07T02:15:14.007754,
82dee6d8ed2589bd,https://ua.linkedin.com/jobs/view/media-buyer-crypto-at-nda-4428932406,Media Buyer (Crypto),NDA,posted,2026-07-07T02:16:35.785407,116
3f11b3ab90f8c4ef,https://ua.linkedin.com/jobs/view/middle-email-%D0%BC%D0%B0%D1%80%D0%BA%D0%B5%D1%82%D0%BE%D0%BB%D0%BE%D0%B3-at-omnicore-4433938452,Middle Email-маркетолог,,scraped,2026-07-07T02:16:38.376924,
923f01948e585760,https://ua.linkedin.com/jobs/view/backend-developer-remote-at-wildix-4435120442,Backend Developer - Remote,,scraped,2026-07-07T02:16:45.447536,
49cb30fcf9bb582e,https://ua.linkedin.com/jobs/view/%D0%BA%D0%B5%D1%80%D1%96%D0%B2%D0%BD%D0%B8%D0%BA-%D0%B2%D1%96%D0%B4%D0%B4%D1%96%D0%BB%D1%83-%D0%BC%D0%B0%D1%80%D0%BA%D0%B5%D1%82%D0%B8%D0%BD%D0%B3%D1%83-at-recruiting-company-astar-4427862161,Керівник відділу маркетингу,,scraped,2026-07-07T02:16:56.027508,
0f9b5ca10c475e73,https://ua.linkedin.com/jobs/view/credit-risk-business-lead-fintech-farm-at-flyer-one-ventures-4436274372,Credit Risk Business Lead (Fintech Farm),,scraped,2026-07-07T02:17:16.408164,
48c3c9d6addcf4b1,https://ua.linkedin.com/jobs/view/associate-infrastructure-specialist-at-kyndryl-4435418131,"Associate, Infrastructure Specialist",,scraped,2026-07-07T02:17:25.295906,
e76a5e31be9192a2,https://ua.linkedin.com/jobs/view/%D0%BC%D0%B5%D0%BD%D0%B5%D0%B4%D0%B6%D0%B5%D1%80-%D0%B7-%D0%BA%D0%BE%D1%80%D0%BF%D0%BE%D1%80%D0%B0%D1%82%D0%B8%D0%B2%D0%BD%D0%BE%D0%B3%D0%BE-%D0%B1%D1%96%D0%B7%D0%BD%D0%B5%D1%81%D1%83-at-pivdenny-bank-4432790154,Менеджер з корпоративного бізнесу,Банк Південний,failed|wp_post_failed,2026-07-07T02:17:44.240403,
75579bac4f6bb4c6,https://ua.linkedin.com/jobs/view/hr-specialist-hr-admin-processes-at-luxoft-ukraine-4437411286,HR Specialist (HR Admin processes),,scraped,2026-07-07T02:17:46.893852,
a9363f5aba02a99b,https://ua.linkedin.com/jobs/view/support-consultant-tier-3-at-3shape-4435471774,"Support Consultant, Tier 3",,scraped,2026-07-07T02:17:54.436884,
fd9115852dcd9f1e,https://ua.linkedin.com/jobs/view/smm-ai-solutions-at-workeron-ai-4433948373,SMM (AI Solutions),,scraped,2026-07-07T02:18:02.047592,
38c1c81917547ed5,https://ua.linkedin.com/jobs/view/senior-product-manager-goodly-at-headway-inc-4435542066,Senior Product Manager (Goodly),,scraped,2026-07-07T02:19:21.169666,
4050cc032c2a8a7b,https://ua.linkedin.com/jobs/view/partnerships-manager-at-finora-credit-4436314301,Partnerships Manager,Finora Credit,posted,2026-07-07T02:19:58.609474,118
564df889df893d32,https://ua.linkedin.com/jobs/view/qa-engineer-intern-at-playtech-4435122211,QA Engineer (Intern),,scraped,2026-07-07T02:20:03.557235,
9add024bc6edb373,https://ua.linkedin.com/jobs/view/senior-net-developer-at-levi9-technology-services-4435045930,Senior .Net developer,Levi9 Technology Services,posted,2026-07-07T02:21:58.351428,120
30c37893ee5a507d,https://ua.linkedin.com/jobs/view/%D0%BC%D0%B5%D0%BD%D0%B5%D0%B4%D0%B6%D0%B5%D1%80-%D0%B7-%D1%80%D0%B5%D1%94%D1%81%D1%82%D1%80%D0%B0%D1%86%D1%96%D1%97-%D0%BB%D1%96%D0%BA%D0%B0%D1%80%D1%81%D1%8C%D0%BA%D0%B8%D1%85-%D0%B7%D0%B0%D1%81%D0%BE%D0%B1%D1%96%D0%B2-at-organosyn-ltd-4432260750,Менеджер з реєстрації лікарських  засобів,,scraped,2026-07-07T02:22:01.021971,
ac8dbbce11b27269,https://ua.linkedin.com/jobs/view/system-engineer-at-digis-a-fiverr-company-nyse-fvrr-4436721948,System Engineer,,scraped,2026-07-07T02:22:09.912449,
28bbe0f17081e839,https://ua.linkedin.com/jobs/view/oracle-database-administrator-at-raiffeisen-bank-ukraine-4436732892,Oracle Database Administrator,Raiffeisen Bank Ukraine,posted,2026-07-07T02:22:26.602022,122
7f52e7f8b73ac685,https://ua.linkedin.com/jobs/view/business-development-manager-outbound-sales-at-mk-translations-4431930556,Business Development Manager (Outbound sales),,scraped,2026-07-07T02:22:29.262172,
3fa086dd07141135,https://ua.linkedin.com/jobs/view/senior-fullstack-engineer-remote-at-pragmatike-4436799204,Senior Fullstack Engineer (Remote),,scraped,2026-07-07T02:22:37.477554,
aa702ee5a65fbd50,https://ua.linkedin.com/jobs/view/legal-counsel-at-softwareone-4436091119,Legal Counsel,SoftwareOne,posted,2026-07-07T02:22:53.940059,124
ca87cfdb52ca244c,https://ua.linkedin.com/jobs/view/%D1%84%D0%B0%D1%85%D1%96%D0%B2%D0%B5%D1%86%D1%8C-%D0%B7-%D0%BF%D1%80%D0%BE%D0%B4%D0%B0%D0%B6%D1%83-%D0%BF%D1%96%D0%B4%D0%BF%D0%B8%D1%81%D0%BA%D0%B8-%D0%BD%D0%B0-%D0%BF%D0%BE%D1%81%D0%BB%D1%83%D0%B3%D0%B8-space-x-at-%D0%BA%D0%B8%D1%97%D0%B2%D1%81%D1%82%D0%B0%D1%80-4437157753,Фахівець з продажу підписки на послуги Space X,,scraped,2026-07-07T02:22:56.630535,
281e3956e98b0ae3,https://ua.linkedin.com/jobs/view/customer-engineer-google-cloud-platform-english-ukranian-at-google-4435234329,"Customer Engineer, Google Cloud Platform (English, Ukranian)",,scraped,2026-07-07T02:23:05.254665,
1ff99adb06e708a1,https://ua.linkedin.com/jobs/view/infrastructure-development-senior-specialist-in-the-government-and-public-sector-practice-at-pwc-ukraine-4405980927,Infrastructure Development Senior Specialist in the Government and Public sector practice,PwC Ukraine,posted,2026-07-07T02:24:45.443417,126
fda92217ebd4d8e4,https://ua.linkedin.com/jobs/view/staff-analytics-engineer-at-preply-4368002101,Staff Analytics Engineer,,scraped,2026-07-07T02:24:48.153955,
eed79a366871d5e8,https://ua.linkedin.com/jobs/view/localization-specialist-german-at-preply-4398159839,Localization Specialist - German,,scraped,2026-07-07T02:25:13.611509,
019e53ddc9502715,https://ua.linkedin.com/jobs/view/area-sales-manager-key-accounts-seeds-at-corteva-agriscience-4433743750,"Area Sales Manager, Key Accounts - Seeds",,scraped,2026-07-07T02:25:27.896743,
3d1cb4003e16e784,https://ua.linkedin.com/jobs/view/%D0%BC%D0%B5%D0%BD%D0%B5%D0%B4%D0%B6%D0%B5%D1%80-%D0%B7-%D0%BF%D1%96%D0%B4%D1%82%D1%80%D0%B8%D0%BC%D0%BA%D0%B8-%D0%BF%D1%80%D0%BE%D0%B4%D0%B0%D0%B6%D1%83-%D0%BF%D1%80%D0%BE%D0%B4%D1%83%D0%BA%D1%82%D1%96%D0%B2-%D0%BA%D0%BE%D1%80%D0%BF%D0%BE%D1%80%D0%B0%D1%82%D0%B8%D0%B2%D0%BD%D0%BE%D0%B3%D0%BE-%D0%B1%D1%96%D0%B7%D0%BD%D0%B5%D1%81%D1%83-at-raiffeisen-bank-ukraine-4431591912,Менеджер з підтримки продажу продуктів корпоративного бізнесу,Raiffeisen Bank Ukraine,failed|wp_post_failed,2026-07-07T02:25:46.067828,
d03fa34dfcd1a097,https://ua.linkedin.com/jobs/view/senior-key-account-manager-at-procter-gamble-4423661529,Senior Key Account Manager,Procter & Gamble,posted,2026-07-07T02:26:16.194286,128
d910bd0f0a15c7e9,https://ua.linkedin.com/jobs/view/trainee-technical-editor-at-softserve-4434311337,Trainee Technical Editor,,scraped,2026-07-07T02:26:18.934476,
4431db17ed8d8bf4,https://ua.linkedin.com/jobs/view/system-analyst-at-it-specialist-4432776464,System Analyst,,scraped,2026-07-07T02:26:32.590294,
f647f09ffc026ea5,https://ua.linkedin.com/jobs/view/partnerships-coordinator-at-lwf-ukraine-4432790469,Partnerships Coordinator,,scraped,2026-07-07T02:26:38.932597,
6854e45431b83b96,https://ua.linkedin.com/jobs/view/enumerator-data-collector-kyiv-chernihiv-at-norwegian-refugee-council-4436754472,Enumerator (data collector) - Kyiv/Chernihiv,,scraped,2026-07-07T02:26:46.132030,
1e9a3d171c3bbdd5,https://ua.linkedin.com/jobs/view/smm-%D1%84%D0%B0%D1%85%D1%96%D0%B2%D0%B5%D1%86%D1%8C-at-live-media-hub-4432776026,SMM-фахівець,Live Media HUB,posted,2026-07-07T02:27:00.686675,130
ce19c7061e45b3d5,https://ua.linkedin.com/jobs/view/javascript-software-developer-remote-work-ref%23296729-at-bairesdev-4435336475,JavaScript Software Developer - Remote work | REF#296729,BairesDev,posted,2026-07-07T02:27:11.070118,132
519c08e6126d8056,https://ua.linkedin.com/jobs/view/hardware-engineer-at-tiras-technologies-4433164168,Hardware Engineer,,scraped,2026-07-07T02:27:13.672990,
04d2c478a77ac4b6,https://ua.linkedin.com/jobs/view/tracking-officer-at-handicap-international-humanity-inclusion-4431959023,Tracking Officer,,scraped,2026-07-07T02:28:24.397714,
b7803e5f1a7b3803,https://ua.linkedin.com/jobs/view/devops-engineer-at-nvidia-4436267479,DevOps Engineer,,scraped,2026-07-07T02:28:38.882613,
eb225e4c7febd41f,https://ua.linkedin.com/jobs/view/servicenow-developer-f-m-x-at-sii-poland-4431936793,ServiceNow Developer (f/m/x),,scraped,2026-07-07T02:29:56.803837,
38d879b30c8d5370,https://ua.linkedin.com/jobs/view/client-relationship-service-manager-corporate-banking-f-m-x-at-deutsche-bank-4436939543,Client Relationship & Service Manager (Corporate Banking) (f/m/x),,scraped,2026-07-07T02:30:04.264296,
da54b91e1f8889a6,https://ua.linkedin.com/jobs/view/customer-success-manager-aisdr-at-flyer-one-ventures-4435275978,Customer Success Manager (AiSDR),,scraped,2026-07-07T02:30:11.182197,
819155536c609356,https://ua.linkedin.com/jobs/view/systems-engineer-%E2%80%93-capacitive-touch-at-infineon-technologies-4398522332,Systems Engineer – Capacitive Touch,,scraped,2026-07-07T02:30:17.599167,
81db4c84067ab788,https://ua.linkedin.com/jobs/view/email-marketing-specialist-at-fidel-group-4436211922,Email Marketing Specialist,,scraped,2026-07-07T02:30:24.293243,
7523f62991089ad8,https://ua.linkedin.com/jobs/view/technical-project-manager-network-must-at-luxoft-ukraine-4437194213,Technical Project Manager (Network - must),,scraped,2026-07-07T02:30:31.583624,
5758d6d891bbcb3b,https://ua.linkedin.com/jobs/view/merchant-acquisition-manager-at-payok-4432341102,Merchant Acquisition Manager,,scraped,2026-07-07T02:31:42.641073,
290e6350977d5c65,https://ua.linkedin.com/jobs/view/head-of-the-groupage-cargo-department-at-asstra-associated-traffic-ag-4433108998,Head of the groupage cargo department,,scraped,2026-07-07T02:31:50.145284,
6355a66af172c3a0,https://ua.linkedin.com/jobs/view/sr-credit-settlement-risk-manager-at-visa-4427961084,Sr. Credit & Settlement Risk Manager,,scraped,2026-07-07T02:31:59.948515,
b822c87fe5d0176e,https://ua.linkedin.com/jobs/view/%D1%96%D0%BD%D0%B6%D0%B5%D0%BD%D0%B5%D1%80%D0%B8-at-lira-engineering-4432342766,Інженери,,scraped,2026-07-07T02:32:38.459968,
240c93afeeee495f,https://ua.linkedin.com/jobs/view/%D0%BA%D0%B5%D1%80%D1%96%D0%B2%D0%BD%D0%B8%D0%BA-%D0%BC%D0%BE%D0%BD%D1%82%D0%B0%D0%B6%D0%BD%D0%BE%D0%B3%D0%BE-%D0%BD%D0%B0%D0%BF%D1%80%D1%8F%D0%BC%D0%BA%D1%83-%D0%BF%D1%80%D0%BE%D0%B2%D1%96%D0%B4%D0%BD%D0%B8%D0%B9-%D1%96%D0%BD%D0%B6%D0%B5%D0%BD%D0%B5%D1%80-%D1%81%D0%B0%D0%BD%D1%82%D0%B5%D1%85%D0%BD%D1%96%D0%BA-%D0%B2%D0%BE%D0%B4%D0%BE%D0%BF%D1%96%D0%B4%D0%B3%D0%BE%D1%82%D0%BE%D0%B2%D0%BA%D0%B0-4433742484,Керівник монтажного напрямку / Провідний інженер-сантехнік (водопідготовка),ICW (Intelligent Car Wash),posted,2026-07-07T02:32:51.414612,134
56cf9f57a1511c8f,https://ua.linkedin.com/jobs/view/%D0%B3%D0%BE%D0%BB%D0%BE%D0%B2%D0%BD%D0%B8%D0%B9-%D0%B1%D1%83%D1%85%D0%B3%D0%B0%D0%BB%D1%82%D0%B5%D1%80-%D0%BF%D1%80%D0%BE%D1%94%D0%BA%D1%82%D1%83-bodotravel-chief-accountant-80-95-000-uah-kyiv-hybrid-at-bodo-travel-4423343103,"Головний бухгалтер проєкту bodotravel | Chief Accountant (80-95.000 uah, Kyiv, hybrid)",,scraped,2026-07-07T02:32:54.256636,
3e16873114f7a1b2,https://ua.linkedin.com/jobs/view/%D0%BC%D0%B5%D0%BD%D0%B5%D0%B4%D0%B6%D0%B5%D1%80-%D0%B7-%D1%80%D0%BE%D0%B7%D0%B2%D0%B8%D1%82%D0%BA%D1%83-%D0%B1%D1%96%D0%B7%D0%BD%D0%B5%D1%81%D1%83-at-twin-win-games-llc-4435202645,Менеджер з розвитку бізнесу,,scraped,2026-07-07T02:33:01.494371,
f6eaae5f9d6e0b16,https://ua.linkedin.com/jobs/view/%D0%BC%D0%B5%D0%BD%D0%B5%D0%B4%D0%B6%D0%B5%D1%80-%D0%BF%D1%80%D0%BE%D0%B5%D0%BA%D1%82%D0%BD%D0%B8%D1%85-%D0%BF%D1%80%D0%BE%D0%B4%D0%B0%D0%B6%D1%96%D0%B2-%D1%86%D1%96%D0%BD%D0%BE%D0%B2%D0%B8%D0%B9-%D1%81%D0%B5%D0%B3%D0%BC%D0%B5%D0%BD%D1%82-%D1%81%D0%B5%D1%80%D0%B5%D0%B4%D0%BD%D1%96%D0%B9%2B-%D1%82%D0%B0-%D0%B2%D0%B8%D1%89%D0%B5-at-ecowood-flooring-4431922903,Менеджер проектних продажів (ціновий сегмент Середній+ та вище),Ecowood flooring,posted,2026-07-07T02:33:56.203691,136
95f3e309ffd6c6c4,https://ua.linkedin.com/jobs/view/marketing-manager-vipcem-at-crh-4407435350,Marketing Manager- Vipcem,,scraped,2026-07-07T02:33:59.158560,
ba63cea1000fefdf,https://ua.linkedin.com/jobs/view/it-consulting-director-at-kpmg-ukraine-4433146949,IT Consulting Director,,scraped,2026-07-07T02:34:06.190047,
b776086cc4056066,https://ua.linkedin.com/jobs/view/%D0%BC%D0%B5%D0%BD%D0%B5%D0%B4%D0%B6%D0%B5%D1%80-%D0%BF%D0%BE-%D1%80%D0%BE%D0%B1%D0%BE%D1%82%D1%96-%D0%B7-%D0%BA%D0%BB%D1%8E%D1%87%D0%BE%D0%B2%D0%B8%D0%BC%D0%B8-%D0%BA%D0%BB%D1%96%D1%94%D0%BD%D1%82%D0%B0%D0%BC%D0%B8-%D0%B4%D0%B8%D1%82%D1%8F%D1%87%D0%B0-%D1%96%D0%B3%D1%80%D0%B0%D1%88%D0%BA%D0%B0-at-yugcontract-4433941456,Менеджер по роботі з ключовими клієнтами (дитяча іграшка),,scraped,2026-07-07T02:34:12.989146,
167977a104c97b81,https://ua.linkedin.com/jobs/view/solutions-architect-at-symphony-solutions-4436353872,Solutions Architect,,scraped,2026-07-07T02:34:20.885024,
81248651a90799e1,https://ua.linkedin.com/jobs/view/senior-data-scientist-id70128-at-agileengine-4436218579,Senior Data Scientist ID70128,AgileEngine,posted,2026-07-07T02:34:39.528268,138
2a4bd02290556721,https://ua.linkedin.com/jobs/view/embedded-software-engineer-at-quantum-systems-4435215685,Embedded Software Engineer,,scraped,2026-07-07T02:34:42.360721,
2acf80d73660af3a,https://ua.linkedin.com/jobs/view/senior-sdr-at-spendbase-4432773049,Senior SDR,Spendbase,posted,2026-07-07T02:35:09.255249,140
9a8129aa7d8e73d8,https://ua.linkedin.com/jobs/view/%D0%BF%D1%80%D0%B8%D0%B2%D1%96%D0%B4%D0%BD%D0%B8%D0%B9-%D1%81%D0%B8%D1%81%D1%82%D0%B5%D0%BC%D0%BD%D0%B8%D0%B9-%D0%B0%D0%B4%D0%BC%D1%96%D0%BD%D1%96%D1%81%D1%82%D1%80%D0%B0%D1%82%D0%BE%D1%80-at-llc-compound-feed-plant-podillya-4432345936,Привідний системний  адміністратор,,scraped,2026-07-07T02:35:11.890632,
fcd2da57da4decb5,https://ua.linkedin.com/jobs/view/consultant-in-government-public-sector-practice-at-pwc-ukraine-4435098984,Consultant in Government & Public sector practice,PwC Ukraine,posted,2026-07-07T02:36:32.121127,142
8e14f9b517cbf212,https://ua.linkedin.com/jobs/view/cx-self-service-specialist-middle-at-uklon-4430420018,CX Self-Service Specialist Middle,,scraped,2026-07-07T02:36:34.974200,
882c0239644257b5,https://ua.linkedin.com/jobs/view/human-resources-consultant-at-corteva-agriscience-4422728073,Human Resources Consultant,,scraped,2026-07-07T02:36:42.117528,
3f4edf8632591ce5,https://ua.linkedin.com/jobs/view/senior-training-and-capacity-development-expert-at-ntu-international-a-s-4434987295,Senior Training and Capacity Development Expert,,scraped,2026-07-07T02:36:56.455969,
eb1ec802455eaf11,https://ua.linkedin.com/jobs/view/%D0%B7%D0%B0%D1%81%D1%82%D1%83%D0%BF%D0%BD%D0%B8%D0%BA-%D0%B3%D0%BE%D0%BB%D0%BE%D0%B2%D0%BD%D0%BE%D0%B3%D0%BE-%D0%B1%D1%83%D1%85%D0%B3%D0%B0%D0%BB%D1%82%D0%B5%D1%80%D0%B0-at-%D1%82%D0%B0%D1%81-%D0%B0%D0%B3%D1%80%D0%BE-4431924116,Заступник Головного бухгалтера,,scraped,2026-07-07T02:37:04.249955,
f20ae345d6c323c3,https://ua.linkedin.com/jobs/view/%D1%96%D0%BD%D0%B6%D0%B5%D0%BD%D0%B5%D1%80-%D0%B7-%D1%81%D1%83%D0%BF%D1%80%D0%BE%D0%B2%D0%BE%D0%B4%D1%83-%D0%B1%D0%B0%D0%B7-%D0%B4%D0%B0%D0%BD%D0%B8%D1%85-database-support-engineer-sql-msa-at-westron-llc-4152722580,Інженер з супроводу баз даних (Database Support Engineer) SQL / MSA,Westron LLC,posted,2026-07-07T02:37:46.529925,144
24ce9094dd4c243d,https://ua.linkedin.com/jobs/view/%D0%BC%D0%B5%D0%BD%D0%B5%D0%B4%D0%B6%D0%B5%D1%80-%D0%B7-%D0%BC%D0%B0%D1%80%D0%BA%D0%B5%D1%82%D0%B8%D0%BD%D0%B3%D1%83-at-isei-beauty-market-4433933128,Менеджер з маркетингу,,scraped,2026-07-07T02:37:49.345626,
c240ded438358bb3,https://ua.linkedin.com/jobs/view/general-qa-at-umo-4433924872,General QA,,scraped,2026-07-07T02:37:59.497783,
7f08dce6f2c5bf54,https://ua.linkedin.com/jobs/view/player-support-representative-at-ingamejob-com-4434356434,Player Support Representative,,scraped,2026-07-07T02:38:06.290813,
100dd0aded396c24,https://ua.linkedin.com/jobs/view/security-test-engineer-python-at-intellias-4437172480,Security Test Engineer (Python),,scraped,2026-07-07T02:38:13.867216,
f7b622b534b4caaa,https://ua.linkedin.com/jobs/view/junior-embedded-engineer-at-ajax-systems-4436777391,Junior Embedded Engineer,,scraped,2026-07-07T02:38:28.895002,
177742cd96ac4c1a,https://ua.linkedin.com/jobs/view/business-analyst-at-spd-technology-4436754000,Business Analyst,SPD Technology,posted,2026-07-07T02:38:49.824375,146
03f35a463bf81852,https://ua.linkedin.com/jobs/view/middle-qa-automation-engineer-python-at-miratech-4433191612,Middle QA Automation Engineer (Python),Miratech,posted,2026-07-07T02:39:00.125771,148
683abe19fe3dd10b,https://ua.linkedin.com/jobs/view/%D1%96%D0%BD%D0%B6%D0%B5%D0%BD%D0%B5%D1%80-%D0%BA%D0%BE%D0%BD%D1%81%D1%82%D1%80%D1%83%D0%BA%D1%82%D0%BE%D1%80-%D1%80%D0%B5%D0%BB%D0%BE%D0%BA%D0%B5%D0%B9%D1%82-%D1%83-%D0%BA%D0%B8%D1%97%D0%B2-at-frontline-robotics-4433934837,Інженер-конструктор (релокейт у Київ),,scraped,2026-07-07T02:39:02.850997,
381caac0c4301957,https://ua.linkedin.com/jobs/view/human-resources-partnership-and-administration-officer-aba-consortium-at-danish-refugee-council-dansk-flygtningehj%C3%A6lp-4435233284,Human Resources (Partnership) and Administration Officer (ABA Consortium),,scraped,2026-07-07T02:39:09.066457,
eb0fdfc29359adde,https://ua.linkedin.com/jobs/view/people-business-partnership-manager-at-spd-technology-4437114808,People Business Partnership Manager,SPD Technology,posted,2026-07-07T02:39:28.730163,150
24cb596f9c1693dd,https://ua.linkedin.com/jobs/view/video-editor-at-betterme-4436944779,Video Editor,,scraped,2026-07-07T02:39:31.364381,
aeba75f75b98cf3d,https://ua.linkedin.com/jobs/view/red-bull-student-marketeer-at-red-bull-3698482752,RED BULL STUDENT MARKETEER,,scraped,2026-07-07T02:39:37.956906,
b0190b4954127d9c,https://ua.linkedin.com/jobs/view/project-manager-digital-transformation-at-sigma-software-group-4433706062,Project Manager (Digital Transformation),,scraped,2026-07-07T02:39:45.988123,
bbecfb9e0f0c3ca1,https://ua.linkedin.com/jobs/view/distributed-systems-engineer-apache-big-data-internals-remote-work-ref%23294497-at-bairesdev-4426552492,Distributed Systems Engineer (Apache Big Data Internals) - Remote Work | REF#294497,,scraped,2026-07-07T02:39:55.706351,
b3e3578024cc9063,https://ua.linkedin.com/jobs/view/medical-representative-at-opella-4435595939,Medical Representative,,scraped,2026-07-07T02:40:03.061560,
9bf8d44495b705d5,https://ua.linkedin.com/jobs/view/vfx-artist-at-betsoft-gaming-4433109440,VFX Artist,,scraped,2026-07-07T02:41:01.668639,
7f3dc1abcff192e4,https://ua.linkedin.com/jobs/view/qa-engineer-at-miratech-4432797410,QA Engineer,Miratech,posted,2026-07-07T02:42:18.527423,152
7085928f8838b367,https://ua.linkedin.com/jobs/view/service-desk-technician-at-quipu-gmbh-4435449290,Service Desk Technician,,scraped,2026-07-07T02:42:21.368444,
0403108248a36eb7,https://ua.linkedin.com/jobs/view/platform-integration-engineer-at-intellias-4437148764,Platform / Integration Engineer,Intellias,posted,2026-07-07T02:43:07.565225,154
1c7334bd6002ac69,https://ua.linkedin.com/jobs/view/compensation-benefits-specialist-at-modus-x-4435826513,Compensation Benefits Specialist,,scraped,2026-07-07T02:43:10.309797,
ff1037250b53ff61,https://ua.linkedin.com/jobs/view/senior-azure-devops-engineer-at-svitla-systems-inc-4436131380,Senior Azure DevOps Engineer,,scraped,2026-07-07T02:43:20.402416,
ca7c227eccb60aed,https://ua.linkedin.com/jobs/view/hardware-qa-engineer-at-stark-4432363366,Hardware QA Engineer,,scraped,2026-07-07T02:44:37.596857,
e974b3964c8dd453,https://ua.linkedin.com/jobs/view/staff-software-engineer-ai-analytics-at-svitla-systems-inc-4436722174,Staff Software Engineer (AI Analytics),,scraped,2026-07-07T02:44:44.924455,
4eb16c9b8be40aa9,https://ua.linkedin.com/jobs/view/game-director-new-game-at-plarium-4433199061,Game Director (New Game),,scraped,2026-07-07T02:44:59.856926,
f60c96b548f0b340,https://ua.linkedin.com/jobs/view/content-specialist-russian-%2411-hr-remote-at-crossing-hurdles-4376972932,Content Specialist (Russian) | $11/hr Remote,,scraped,2026-07-07T02:45:07.696073,
a1e041ef668102e7,https://ua.linkedin.com/jobs/view/data-collector-in-spain-sevilla-irc297331-at-globallogic-4426977331,"Data collector in Spain, Sevilla IRC297331",,scraped,2026-07-07T02:45:18.915046,
489669a3a3630920,https://ua.linkedin.com/jobs/view/staff-back-end-engineer-at-preply-4346006618,Staff Back-end Engineer,,scraped,2026-07-07T02:45:37.477016,
1cf9bd57ae854ccf,https://ua.linkedin.com/jobs/view/human-resources-administrator-with-hungarian-at-global-hr-solutions-4432349041,Human Resources Administrator (with Hungarian),Global HR Solutions,posted,2026-07-07T02:46:31.561729,156
b7810dc267d142a5,https://ua.linkedin.com/jobs/view/senior-technical-writer-irc299107-at-globallogic-4435036997,Senior Technical writer IRC299107,,scraped,2026-07-07T02:46:34.203253,
df6e3d6469fec4c8,https://ua.linkedin.com/jobs/view/scrum-master-irc295826-at-globallogic-4427728168,Scrum Master IRC295826,,scraped,2026-07-07T02:47:21.167724,
c391b1a73ce34cd8,https://ua.linkedin.com/jobs/view/%D1%81%D1%82%D0%B0%D1%80%D1%88%D0%B8%D0%B9-%D0%BC%D0%B5%D0%BD%D0%B5%D0%B4%D0%B6%D0%B5%D1%80-%D0%B7-%D0%BF%D0%BE%D1%80%D1%82%D1%84%D0%B5%D0%BB%D1%8C%D0%BD%D0%BE%D0%B3%D0%BE-%D0%B0%D0%BD%D0%B0%D0%BB%D1%96%D0%B7%D1%83-%D1%82%D0%B0-%D1%81%D1%82%D1%80%D0%B5%D1%81-%D1%82%D0%B5%D1%81%D1%82%D1%83%D0%B2%D0%B0%D0%BD%D0%BD%D1%8F-at-raiffeisen-bank-ukraine-4436339177,Старший менеджер з портфельного аналізу та стрес-тестування,Raiffeisen Bank Ukraine,posted,2026-07-07T02:47:38.541238,158
e683e0fee5450d99,https://ua.linkedin.com/jobs/view/%D1%81%D0%BF%D0%B5%D1%86%D1%96%D0%B0%D0%BB%D1%96%D1%81%D1%82%D0%B0-%D1%96%D0%B7-%D0%BE%D0%B1%D1%80%D0%BE%D0%B1%D0%BA%D0%B8-%D0%B7%D0%B0%D0%BC%D0%BE%D0%B2%D0%BB%D0%B5%D0%BD%D1%8C-%D1%82%D0%B0-%D1%80%D0%B0%D1%85%D1%83%D0%BD%D0%BA%D1%96%D0%B2-%D0%B7%D1%96-%D0%B7%D0%BD%D0%B0%D0%BD%D0%BD%D1%8F%D0%BC-%D0%BF%D0%BE%D0%BB%D1%8C%D1%81%D1%8C%D0%BA%D0%BE%D1%97-%D0%BC%D0%BE%D0%B2%D0%B8-at-global-hr-solutions-4432338846,Спеціаліста із обробки замовлень та рахунків зі знанням польської мови,Global HR Solutions,failed|wp_post_failed,2026-07-07T02:48:20.656547,
83cda1b0e4878d12,https://ua.linkedin.com/jobs/view/lead-senior-crm-specialist-marketing-cloud-at-n-ix-4432352598,Lead/Senior CRM Specialist (Marketing Cloud),,scraped,2026-07-07T02:48:23.403830,
6d84f2bbae081cba,https://ua.linkedin.com/jobs/view/data-engineer-at-patrianna-4435548740,Data Engineer,,scraped,2026-07-07T02:48:29.958757,
974cb0c8b1e0ba54,https://ua.linkedin.com/jobs/view/presales-solution-consultant-%E2%80%93-data-and-ai-at-epam-systems-4344434608,Presales Solution Consultant – Data and AI,EPAM Systems,posted,2026-07-07T02:48:48.125587,160
9c8af32a39e5d875,https://ua.linkedin.com/jobs/view/middle-product-designer-at-intellias-4436337966,Middle Product Designer,,scraped,2026-07-07T02:48:50.734872,
fe44feec49bdbfa0,https://ua.linkedin.com/jobs/view/software-verification-engineer-at-nvidia-4395487158,Software Verification Engineer,,scraped,2026-07-07T02:49:13.441597,
a2aef067f2851d24,https://ua.linkedin.com/jobs/view/%D1%81%D1%82%D0%B0%D1%80%D1%88%D0%B8%D0%B9-%D0%B0-%D0%B1%D1%83%D1%85%D0%B3%D0%B0%D0%BB%D1%82%D0%B5%D1%80-%D0%BA%D0%B0-at-pwc-ukraine-4415663593,Старший (а) бухгалтер (ка),PwC Ukraine,posted,2026-07-07T02:50:57.104745,162
7cbd6ba63c6e83d0,https://ua.linkedin.com/jobs/view/senior-business-system-analyst-at-n-ix-4436090888,Senior Business/System Analyst,,scraped,2026-07-07T02:50:59.716229,
07727b5101aff0d2,https://ua.linkedin.com/jobs/view/qa-automation-engineer-at-%D0%BA%D0%B8%D1%97%D0%B2%D1%81%D1%82%D0%B0%D1%80-4433088492,QA Automation Engineer,,scraped,2026-07-07T02:52:10.060597,
07da4607121d5756,https://ua.linkedin.com/jobs/view/distributed-systems-engineer-apache-spark-internals-remote-work-ref%23294313-at-bairesdev-4426560373,Distributed Systems Engineer (Apache Spark Internals) - Remote Work | REF#294313,,scraped,2026-07-07T02:52:18.507411,
0dfd2a6b9f154762,https://ua.linkedin.com/jobs/view/senior-platform-engineer-at-n-ix-4436222689,Senior Platform Engineer,,scraped,2026-07-07T02:52:37.413901,
c808c784945522be,https://ua.linkedin.com/jobs/view/stream-processing-engineer-apache-flink-internals-remote-work-ref%23294359-at-bairesdev-4426571142,Stream Processing Engineer (Apache Flink Internals) - Remote Work | REF#294359,,scraped,2026-07-07T02:52:44.043603,
321f038a0c73c3f9,https://ua.linkedin.com/jobs/view/child-protection-officer-no-2-ta-%23135825-ukraine-kharkiv-ecar-at-unicef-chad-4433975671,"Child Protection Officer (NO-2), TA, #135825, Ukraine, Kharkiv - ECAR",Unicef CHAD,posted,2026-07-07T02:54:11.895760,42
0cf05b4b4806ad5e,https://ua.linkedin.com/jobs/view/distributed-storage-engineer-apache-ozone-internals-remote-work-ref%23294451-at-bairesdev-4426551487,Distributed Storage Engineer (Apache Ozone Internals) - Remote Work | REF#294451,,scraped,2026-07-07T02:54:14.585884,
662d0a9c3e782d3e,https://ua.linkedin.com/jobs/view/junior-test-automation-engineer-python-automotive-at-luxoft-4437191672,"Junior Test Automation Engineer (Python, automotive)",,scraped,2026-07-07T02:55:32.342852,
e6fcffea097d2525,https://ua.linkedin.com/jobs/view/business-intelligence-analyst-performance-insights-at-ideals-4423695439,Business Intelligence Analyst / Performance Insights,Ideals,posted,2026-07-07T02:55:51.763962,164
64c37a1560193d98,https://ua.linkedin.com/jobs/view/medical-representative-at-servier-ukraine-4436360095,Medical representative,,scraped,2026-07-07T02:55:54.294450,
dca28ff9e2d1591a,https://ua.linkedin.com/jobs/view/graphic-designer-at-viseven-4436135302,Graphic Designer,,scraped,2026-07-07T02:56:02.097175,
a9fb712c61e71447,https://ua.linkedin.com/jobs/view/query-engine-engineer-apache-trino-internals-remote-work-ref%23294405-at-bairesdev-4426552470,Query Engine Engineer (Apache Trino Internals) - Remote Work | REF#294405,,scraped,2026-07-07T02:56:22.971831,
5ad7d9607a070169,https://ua.linkedin.com/jobs/view/senior-performance-test-engineer-at-avenga-4432790687,Senior Performance Test Engineer,Avenga,posted,2026-07-07T02:57:18.429882,166
2b5b2f24eb61aa8a,https://ua.linkedin.com/jobs/view/middle-net-developer-at-levi9-technology-services-4436304811,Middle . Net Developer,Levi9 Technology Services,posted,2026-07-07T02:58:05.030639,168
fcffb48a3e4e4712,https://ua.linkedin.com/jobs/view/senior-data-integration-engineer-at-epam-systems-4288881347,Senior Data Integration Engineer,EPAM Systems,posted,2026-07-07T02:58:35.561836,170
f79b49202519224c,https://ua.linkedin.com/jobs/view/customer-operations-manager-silvus-at-motorola-solutions-4437451529,Customer Operations Manager Silvus,,scraped,2026-07-07T02:58:38.161025,
77d39007a98b1b71,https://ua.linkedin.com/jobs/view/senior-fullstack-python-developer-remote-work-ref%23296628-at-bairesdev-4435324998,Senior Fullstack Python Developer - Remote Work | REF#296628,,scraped,2026-07-07T02:58:50.789556,
d8d836f0ca00a9b4,https://ua.linkedin.com/jobs/view/%D0%BA%D0%B5%D1%80%D1%96%D0%B2%D0%BD%D0%B8%D0%BA-%D0%BC%D0%B0%D0%B3%D0%B0%D0%B7%D0%B8%D0%BD%D1%83-amazon-4433194326,Керівник магазину (Amazon),Stock4You,posted,2026-07-07T02:59:59.895776,172
76e6f500af686b6b,https://ua.linkedin.com/jobs/view/senior-patient-recruitment-and-engagement-lead-site-recruitment-optimization-at-thermo-fisher-scientific-4432753222,Senior Patient Recruitment and Engagement Lead - Site Recruitment Optimization,,scraped,2026-07-07T03:00:02.611949,
ab6d5d4021b2ea7c,https://ua.linkedin.com/jobs/view/associate-engineering-manager-at-patrianna-4406959939,Associate Engineering Manager,,scraped,2026-07-07T03:01:56.850722,
e6c906bcd30b3a80,https://ua.linkedin.com/jobs/view/%D0%BC%D0%B5%D0%BD%D0%B5%D0%B4%D0%B6%D0%B5%D1%80-%D0%B7-%D0%BF%D1%80%D0%BE%D0%B4%D0%B0%D0%B6%D1%83-at-indigo-protect-solutions-4433171066,Менеджер з продажу,Indigo Protect Solutions,failed|wp_post_failed,2026-07-07T03:02:42.812649,
79336c6e2bd5cbfa,https://ua.linkedin.com/jobs/view/solutions-architect-id68730-at-agileengine-4435459248,Solutions Architect ID68730,AgileEngine,posted,2026-07-07T03:04:10.075014,174
2c8d0ec6db77553c,https://ua.linkedin.com/jobs/view/solutions-architect-id68730-at-agileengine-4435451593,Solutions Architect ID68730,AgileEngine,scraped,2026-07-07T03:04:53.883004,
e1f791098d120680,https://ua.linkedin.com/jobs/view/solutions-architect-id68730-at-agileengine-4435451549,Solutions Architect ID68730,AgileEngine,scraped,2026-07-07T03:05:20.264035,
78af59b887f53192,https://ua.linkedin.com/jobs/view/solutions-architect-id68730-at-agileengine-4435445724,Solutions Architect ID68730,AgileEngine,scraped,2026-07-07T03:05:29.055764,
2f4f676b2d808104,https://ua.linkedin.com/jobs/view/solutions-architect-id68730-at-agileengine-4435437979,Solutions Architect ID68730,AgileEngine,scraped,2026-07-07T03:06:40.359904,
06489934267e98b3,https://ua.linkedin.com/jobs/view/junior-data-engineer-irc295954-at-globallogic-4422277000,Junior Data Engineer IRC295954,,scraped,2026-07-07T03:06:43.000139,
0968caa64de9fc59,https://ua.linkedin.com/jobs/view/area-sales-manager-key-accounts-seeds-at-corteva-agriscience-4433742790,"Area Sales Manager, Key Accounts - Seeds",,scraped,2026-07-07T03:07:08.524237,
7b0eea5c83398639,https://ua.linkedin.com/jobs/view/senior-climate-adaptation-expert-at-ntu-international-a-s-4435116450,Senior Climate Adaptation Expert,,scraped,2026-07-07T03:07:22.373440,
753fdddc064e263d,https://ua.linkedin.com/jobs/view/full-stack-engineer-at-nortal-4426318962,Full Stack Engineer,,scraped,2026-07-07T03:07:30.027373,
fcc1817f17220714,https://ua.linkedin.com/jobs/view/delivery-manager-gen-ai-at-epam-systems-4289623375,Delivery Manager (Gen AI),EPAM Systems,posted,2026-07-07T03:07:54.337489,176
6fb15c2ce4cfe475,https://ua.linkedin.com/jobs/view/middle-senior-java-software-engineer-at-softserve-4436098616,Middle/Senior Java Software Engineer,,scraped,2026-07-07T03:07:57.115711,
4248be96a9f02b77,https://ua.linkedin.com/jobs/view/senior-devops-engineer-azure-python-at-n-ix-4434699294,Senior DevOps Engineer (Azure & Python),,scraped,2026-07-07T03:08:24.763568,
ee47b10d7c698a0d,https://ua.linkedin.com/jobs/view/%D1%81%D0%BF%D0%B5%D1%86%D0%B8%D0%B0%D0%BB%D0%B8%D1%81%D1%82-%D0%BF%D0%BE-%D0%BA%D0%BE%D0%BC%D0%BF%D0%BB%D0%B5%D0%BA%D1%82%D0%BE%D0%B2%D0%B0%D0%BD%D0%B8%D1%8E-%D1%88%D1%82%D0%B0%D1%82%D0%B0-at-alc-spmk-90-4433941930,Специалист по комплектованию штата,,scraped,2026-07-07T03:09:35.469777,
3fdfa32943b5572d,https://ua.linkedin.com/jobs/view/growth-marketing-manager-at-amplify-4435894459,Growth Marketing Manager,,scraped,2026-07-07T03:09:41.795532,
152c2b7582a17d66,https://ua.linkedin.com/jobs/view/application-security-engineer-relocation-to-barcelona-at-commit-4435108244,Application Security Engineer (relocation to Barcelona),,scraped,2026-07-07T03:09:49.454952,
31aa1050aa90a2ab,https://ua.linkedin.com/jobs/view/senior-production-support-engineer-4-pm-1-am-eastern-european-time-contract-position-at-pindrop-4426242235,"Senior Production Support Engineer (4 PM - 1 AM Eastern European Time), Contract Position",Pindrop,posted,2026-07-07T03:10:09.336292,178
9956cf0a09a69657,https://ua.linkedin.com/jobs/view/senior-sap-functional-consultant-fi-co-at-avenga-4427559074,Senior SAP Functional Consultant (FI/CO),Avenga,posted,2026-07-07T03:10:45.497189,180
6f348140f87bda99,https://ua.linkedin.com/jobs/view/staff-backend-engineer-at-b2spin-limited-4427520562,Staff Backend Engineer,,scraped,2026-07-07T03:10:48.290713,
bd913c80b08a380e,https://ua.linkedin.com/jobs/view/senior-performance-engineer-locust-at-softserve-4426997768,Senior Performance Engineer (Locust),,scraped,2026-07-07T03:10:55.208153,
20552fc1d69e03e5,https://ua.linkedin.com/jobs/view/net-data-engineer-strong-middle-at-cigen-4435475454,.NET Data Engineer (Strong Middle),,scraped,2026-07-07T03:11:08.778804,
76ac21826430daa2,https://ua.linkedin.com/jobs/view/%D1%84%D0%B0%D1%85%D1%96%D0%B2%D0%B5%D1%86%D1%8C-%D0%B7-%D0%BA%D0%BE%D0%BC%D1%83%D0%BD%D1%96%D0%BA%D0%B0%D1%86%D1%96%D0%B9-%D1%82%D0%B0-%D0%BA%D0%BB%D1%96%D1%94%D0%BD%D1%82%D1%81%D1%8C%D0%BA%D0%BE%D0%B3%D0%BE-%D1%81%D0%B5%D1%80%D0%B2%D1%96%D1%81%D1%83-%D0%BD%D1%96%D0%BC%D0%B5%D1%86%D1%8C%D0%BA%D0%B0-%D0%BC%D0%BE%D0%B2%D0%B0-at-global-hr-solutions-4432346050,Фахівець з комунікацій та клієнтського сервісу (німецька мова),Global HR Solutions,posted,2026-07-07T03:12:01.493439,182
a17455706c5e9336,https://ua.linkedin.com/jobs/view/ukrainian-language-expert-at-sme-careers-4427016654,Ukrainian Language Expert,,scraped,2026-07-07T03:12:04.347914,
123cde60887a5f13,https://ua.linkedin.com/jobs/view/java-technical-support-engineer-remote-work-ref%23296682-at-bairesdev-4435337451,Java Technical Support Engineer - Remote Work | REF#296682,,scraped,2026-07-07T03:12:23.022190,
8bacf2c8a8724e39,https://ua.linkedin.com/jobs/view/fullstack-python-developer-remote-work-ref%23296651-at-bairesdev-4435345126,Fullstack Python Developer - Remote Work | REF#296651,,scraped,2026-07-07T03:12:30.384461,
d714a57e0e9818af,https://ua.linkedin.com/jobs/view/hr-%D0%B4%D0%B8%D1%80%D0%B5%D0%BA%D1%82%D0%BE%D1%80-%D0%BA%D0%B8%D1%97%D0%B2-%D1%82%D1%80%D0%BE%D1%94%D1%89%D0%B8%D0%BD%D0%B0-at-brain-source-international-4431046193,"HR-директор (Київ, Троєщина)",,scraped,2026-07-07T03:12:37.629342,
73b1f4e57091a703,https://ua.linkedin.com/jobs/view/senior-frontend-engineer-at-clickup-4407908715,Senior Frontend Engineer,,scraped,2026-07-07T03:12:47.090411,
af754f4160c44bd8,https://ua.linkedin.com/jobs/view/senior-c-c%2B%2B-software-engineer-at-nvidia-4395483228,Senior C/C++ Software Engineer,,scraped,2026-07-07T03:13:12.225174,
d949485276fd3384,https://ua.linkedin.com/jobs/view/senior-applied-ai-scientist-ai-learning-at-preply-4397271608,Senior Applied AI Scientist (AI Learning),,scraped,2026-07-07T03:13:20.234008,
4d190062b9732d30,https://ua.linkedin.com/jobs/view/affiliate-partnership-manager-at-preply-4398155876,Affiliate & Partnership Manager,,scraped,2026-07-07T03:13:33.256964,
78883bc8e107f00b,https://ua.linkedin.com/jobs/view/prompt-engineering-mentor-for-vibe-coding-implementation-part-time-at-langate-software-4436316157,Prompt Engineering / Mentor for Vibe Coding Implementation (Part-Time),Langate Software,posted,2026-07-07T03:14:00.859851,184
fdcabe2ad5db4a29,https://ua.linkedin.com/jobs/view/senior-system-analyst-at-epam-systems-4315921815,Senior System Analyst,EPAM Systems,posted,2026-07-07T03:14:14.714202,186
deeaee2eba2f5a32,https://ua.linkedin.com/jobs/view/middle-net-developer-at-levi9-technology-services-4436305853,Middle . Net Developer,Levi9 Technology Services,posted,2026-07-07T03:14:56.773188,168
6326882f8e40df4c,https://ua.linkedin.com/jobs/view/senior-business-system-analyst-at-intellias-4436499214,Senior Business System Analyst,,scraped,2026-07-07T03:14:59.446875,
a6fa9d8420a5aa42,https://ua.linkedin.com/jobs/view/senior-data-engineer-at-epam-systems-4398833408,Senior Data Engineer,EPAM Systems,posted,2026-07-07T03:15:50.709097,188
57754f0a7df4c228,https://ua.linkedin.com/jobs/view/python-mcp-engineer-at-intellias-4437169611,Python MCP Engineer,Intellias,posted,2026-07-07T03:15:58.948593,190
f6c781258e6dd8fc,https://ua.linkedin.com/jobs/view/senior-python-software-engineer-for-big-data-retraining-program-at-epam-systems-4288885069,Senior Python Software Engineer for Big Data Retraining program,EPAM Systems,posted,2026-07-07T03:16:12.656599,192
58ae369021085333,https://ua.linkedin.com/jobs/view/python-software-engineer-irc298434-at-globallogic-4434607980,Python Software Engineer IRC298434,GlobalLogic,posted,2026-07-07T03:16:22.785209,194
0eff9c7569196f06,https://ua.linkedin.com/jobs/view/middle-senior-data-engineer-irc296732-at-globallogic-4426947076,Middle/Senior Data Engineer IRC296732,GlobalLogic,posted,2026-07-07T03:16:34.883043,196
c89e9b935463bd30,https://ua.linkedin.com/jobs/view/middle-automation-test-engineer-irc296449-at-globallogic-4434631069,Middle Automation Test Engineer IRC296449,GlobalLogic,posted,2026-07-07T03:16:43.486087,198
06c81401657b6dfa,https://ua.linkedin.com/jobs/view/finance-specialist-at-konecranes-4432787225,Finance Specialist,Konecranes,posted,2026-07-07T03:16:55.600938,200
209c15761000c5ac,https://ua.linkedin.com/jobs/view/fullstack-python-developer-remote-work-ref%23296645-at-bairesdev-4435345131,Fullstack Python Developer - Remote Work | REF#296645,BairesDev,posted,2026-07-07T03:17:11.142160,202
3b5362d5e5d2cf69,https://ua.linkedin.com/jobs/view/platform-engineer-semantic-discovery-credentials-at-intellias-4437154672,Platform Engineer (Semantic Discovery & Credentials),,scraped,2026-07-07T03:17:13.776651,
f6642d626e25b373,https://ua.linkedin.com/jobs/view/seo-senior-team-lead-link-builder-vbet-at-vbet-4431952319,SEO Senior / Team Lead  (Link Builder) / VBET,,scraped,2026-07-07T03:17:28.684639,
ca850c5f53f1054d,https://ua.linkedin.com/jobs/view/senior-hr-operations-global-employment-specialist-at-ideals-4424811412,Senior HR Operations / Global Employment Specialist,Ideals,posted,2026-07-07T03:18:17.336165,204
1292f0c041bc88ba,https://ua.linkedin.com/jobs/view/senior-sdet-at-spd-technology-4431962488,Senior SDET,SPD Technology,posted,2026-07-07T03:18:33.731436,206
328eba5299d41111,https://ua.linkedin.com/jobs/view/dataware-specialist-finance-at-mondel%C4%93z-international-4369499475,"Dataware Specialist, Finance",Mondelēz International,posted,2026-07-07T03:18:45.947990,208
1422e6aa30b8369f,https://ua.linkedin.com/jobs/view/playable-ad-developer-at-medialicious-ltd-4423156573,Playable Ad Developer,,scraped,2026-07-07T03:18:48.577451,
ce3f6b6eda5d12b8,https://ua.linkedin.com/jobs/view/account-executive-at-dodoche-4436388515,Account Executive,Dodoche,posted,2026-07-07T03:19:02.405209,210
d518af4f12c17e68,https://ua.linkedin.com/jobs/view/electrical-pcb-design-engineer-irc298774-at-globallogic-4435217590,Electrical/ PCB Design Engineer. IRC298774,,scraped,2026-07-07T03:19:05.125980,
c9990608f9e8dabf,https://ua.linkedin.com/jobs/view/software-test-engineer-trainee-at-epam-systems-4425779306,Software Test Engineer Trainee,EPAM Systems,posted,2026-07-07T03:19:23.060870,212
94c40a9cdcd23df1,https://ua.linkedin.com/jobs/view/ai-engineer-at-epam-systems-4352599633,AI Engineer,EPAM Systems,posted,2026-07-07T03:19:48.675305,214
c193bb0b010c9f32,https://ua.linkedin.com/jobs/view/middle-senior-devops-aws-engineer-irc296733-at-globallogic-4426606770,Middle/Senior DevOps AWS Engineer IRC296733,,scraped,2026-07-07T03:19:51.376226,
7a0c45a17755ba7b,https://ua.linkedin.com/jobs/view/middle-qa-automation-engineer-python-at-miratech-4433708047,Middle QA Automation Engineer (Python),Miratech,posted,2026-07-07T03:21:06.982858,148
2f681305f3d2dc93,https://ua.linkedin.com/jobs/view/senior-sap-sd-consultant-at-epam-systems-4341311700,Senior SAP SD Consultant,EPAM Systems,posted,2026-07-07T03:21:21.312943,216
98ec7bbd43a7a27e,https://ua.linkedin.com/jobs/view/senior-sap-abap-developer-rap-at-epam-systems-4302989037,Senior SAP ABAP Developer (RAP),EPAM Systems,posted,2026-07-07T03:21:33.891105,218
f4d2ac0834160f1e,https://ua.linkedin.com/jobs/view/principal-software-engineer-rust-remote-work-ref%23289867-at-bairesdev-4420467225,Principal Software Engineer (Rust) - Remote Work | REF#289867,,scraped,2026-07-07T03:21:36.622959,
6d47873dac9d478a,https://ua.linkedin.com/jobs/view/senior-ii-platform-software-engineer-at-preply-4354780644,Senior II Platform Software Engineer,,scraped,2026-07-07T03:21:47.811033,
67c858292116d681,https://ua.linkedin.com/jobs/view/technical-business-analyst-physical-ai-at-softserve-4436207184,Technical Business Analyst (Physical AI),,scraped,2026-07-07T03:21:54.821355,
ab806f2eef45515e,https://ua.linkedin.com/jobs/view/lead-net-full-stack-engineer-react-js-azure-at-epam-systems-4403722797,Lead .NET Full Stack Engineer (React.js & Azure),EPAM Systems,posted,2026-07-07T03:22:33.089202,220
01dcc2760772311f,https://ua.linkedin.com/jobs/view/senior-analyst-app-marketing-bangkok-based-relocation-provided-at-agoda-4410535472,"Senior Analyst, App Marketing (Bangkok Based, Relocation Provided)",Agoda,posted,2026-07-07T03:22:45.678411,222
576bfa248d9a6474,https://ua.linkedin.com/jobs/view/senior-software-engineer-java-%2B-observability-remote-work-ref%23293935-at-bairesdev-4426561396,Senior Software Engineer (Java + Observability) - Remote Work | REF#293935,BairesDev,posted,2026-07-07T03:22:55.341897,224
26a206b51f76010e,https://ua.linkedin.com/jobs/view/expert-full-stack-engineer-at-ciklum-4437402623,Expert Full Stack Engineer,,scraped,2026-07-07T03:22:58.092342,
f60b593471ef37e1,https://ua.linkedin.com/jobs/view/lead-engineer-solutions-architect-%E2%80%93-physical-ai-engineering-unit-irc294410-at-globallogic-4436213513,Lead Engineer / Solutions Architect – Physical AI Engineering Unit IRC294410,GlobalLogic,posted,2026-07-07T03:23:18.282920,226
b06d06b0718678a6,https://ua.linkedin.com/jobs/view/quality-assurance-engineer-russian-remote-%2411-hr-at-crossing-hurdles-4376767206,Quality Assurance Engineer (Russian) | Remote - $11/hr,Crossing Hurdles,posted,2026-07-07T03:23:31.031716,228
b931cf108cc598ad,https://ua.linkedin.com/jobs/view/lead-business-analyst-physical-ai-%2B-robotics-%2B-digital-twins-at-softserve-4436096737,Lead Business Analyst (Physical AI + Robotics + Digital Twins),SoftServe,posted,2026-07-07T03:23:40.669672,230
d82f39380abac160,https://ua.linkedin.com/jobs/view/senior-go-engineer-at-ciklum-4437414123,Senior Go Engineer,,scraped,2026-07-07T03:23:43.383712,
439351b063e20271,https://ua.linkedin.com/jobs/view/lead-net-developer-irc293438-at-globallogic-4427714348,Lead .NET Developer IRC293438,,scraped,2026-07-07T03:23:50.977657,
0c0c9f35efef5d37,https://ua.linkedin.com/jobs/view/funded-traineeship-for-young-graduates-at-the-eu-delegation-to-ukraine-in-press-and-information-section-at-eubam-libya-4437116700,Funded traineeship for young graduates at the EU Delegation to Ukraine in Press and Information Section,,scraped,2026-07-07T03:24:04.058212,
c4631b06b46442c9,https://ua.linkedin.com/jobs/view/lead-ios-engineer-id71270-at-agileengine-4435457469,Lead iOS Engineer ID71270,AgileEngine,posted,2026-07-07T03:24:17.692732,232
9690d144bc081170,https://ua.linkedin.com/jobs/view/lead-ios-engineer-id71270-at-agileengine-4435456492,Lead iOS Engineer ID71270,AgileEngine,scraped,2026-07-07T03:24:31.949131,
10ebb5982741a4af,https://ua.linkedin.com/jobs/view/lead-ios-engineer-id71270-at-agileengine-4435447919,Lead iOS Engineer ID71270,AgileEngine,scraped,2026-07-07T03:24:36.295124,
dec02ddd5196a727,https://ua.linkedin.com/jobs/view/lead-ios-engineer-id71270-at-agileengine-4435447914,Lead iOS Engineer ID71270,AgileEngine,scraped,2026-07-07T03:24:40.592383,
d2d6afeae35cb506,https://ua.linkedin.com/jobs/view/lead-ios-engineer-id71270-at-agileengine-4435446943,Lead iOS Engineer ID71270,AgileEngine,scraped,2026-07-07T03:24:49.166542,
cd39c9d3822ba117,https://ua.linkedin.com/jobs/view/lead-ios-engineer-id71270-at-agileengine-4435445930,Lead iOS Engineer ID71270,AgileEngine,scraped,2026-07-07T03:24:53.426616,
efd98bcdf9963ee8,https://ua.linkedin.com/jobs/view/fullstack-team-leader-at-playtech-4437181669,Fullstack Team Leader,,scraped,2026-07-07T03:24:56.120594,
d0b9a7d379435df9,https://ua.linkedin.com/jobs/view/head-of-sales-premium-segment-%E2%80%94-kyiv-office-at-home-staff-international-4434663938,Head of Sales (Premium Segment) — Kyiv Office,Home Staff International,posted,2026-07-07T03:25:29.012643,234
e8adbd40036ae2df,https://ua.linkedin.com/jobs/view/application-security-engineer-senior-id71663-at-agileengine-4436224350,Application Security Engineer (Senior) ID71663,AgileEngine,posted,2026-07-07T03:25:37.297431,236
